"date","dolar_kuru","acilis","yuksek","dusuk","fark"
"30.03.2018","2,4080","2,4140","2,4140","2,4080","-0,25%"
"29.03.2018","2,4140","2,4320","2,4320","2,4100","-0,49%"
"28.03.2018","2,4260","2,4290","2,4300","2,4112","-0,12%"
"27.03.2018","2,4290","2,4280","2,4290","2,4106","0,04%"
"26.03.2018","2,4280","2,4280","2,4290","2,4140","-0,12%"
"23.03.2018","2,4310","2,4320","2,4320","2,4180","-0,12%"
"22.03.2018","2,4340","2,4360","2,4390","2,4320","-0,16%"
"21.03.2018","2,4380","2,4360","2,4380","2,4320","0,08%"
"20.03.2018","2,4360","2,4370","2,4370","2,4303","-0,16%"
"19.03.2018","2,4400","2,4550","2,4550","2,4350","-0,81%"
"16.03.2018","2,4600","2,4450","2,4600","2,4450","0,61%"
"15.03.2018","2,4450","2,4470","2,4530","2,4394","0,12%"
"14.03.2018","2,4420","2,4400","2,4420","2,4320","0,08%"
"13.03.2018","2,4400","2,4300","2,4400","2,4300","0,21%"
"12.03.2018","2,4350","2,4300","2,4350","2,4300","-0,41%"
"09.03.2018","2,4450","2,4540","2,4540","2,4450","-0,04%"
"08.03.2018","2,4460","2,4460","2,4460","2,4320","0,00%"
"07.03.2018","2,4460","2,4480","2,4480","2,4320","-0,08%"
"06.03.2018","2,4480","2,4540","2,4540","2,4370","-0,16%"
"05.03.2018","2,4520","2,4580","2,4580","2,4480","-0,33%"
"02.03.2018","2,4600","2,4620","2,4620","2,4525","-0,08%"
"01.03.2018","2,4620","2,4680","2,4680","2,4525","-0,24%"
"28.02.2018","2,4680","2,4780","2,4780","2,4550","-0,52%"
"27.02.2018","2,4810","2,4800","2,4870","2,4725","-0,04%"
"26.02.2018","2,4820","2,4720","2,4820","2,4700","0,49%"
"23.02.2018","2,4700","2,4670","2,4700","2,4620","0,12%"
"22.02.2018","2,4670","2,4630","2,4700","2,4600","0,16%"
"21.02.2018","2,4630","2,4730","2,4730","2,4630","-0,40%"
"20.02.2018","2,4730","2,4720","2,4820","2,4717","0,04%"
"19.02.2018","2,4720","2,4680","2,4720","2,4680","0,28%"
"16.02.2018","2,4650","2,4600","2,4650","2,4591","0,20%"
"15.02.2018","2,4600","2,4450","2,4600","2,4450","0,61%"
"14.02.2018","2,4450","2,4450","2,4450","2,4430","0,00%"
"13.02.2018","2,4450","2,4400","2,4450","2,4377","0,20%"
"12.02.2018","2,4400","2,4250","2,4450","2,4250","0,41%"
"09.02.2018","2,4300","2,4400","2,4650","2,4300","-0,41%"
"08.02.2018","2,4400","2,4550","2,4621","2,4400","-0,61%"
"07.02.2018","2,4550","2,4650","2,4700","2,4550","-0,41%"
"06.02.2018","2,4650","2,4650","2,4691","2,4650","0,00%"
"05.02.2018","2,4650","2,4550","2,4650","2,4550","0,41%"
"02.02.2018","2,4550","2,4750","2,4750","2,4550","-0,81%"
"01.02.2018","2,4750","2,5050","2,5050","2,4750","-0,80%"
"31.01.2018","2,4950","2,4950","2,4950","2,4850","-0,20%"
"30.01.2018","2,5000","2,4970","2,5000","2,4919","0,30%"
"29.01.2018","2,4925","2,4975","2,4975","2,4925","1,41%"
"26.01.2018","2,4578","2,4900","2,4900","2,4578","-1,29%"
"25.01.2018","2,4900","2,5250","2,5250","2,4900","-0,99%"
"24.01.2018","2,5150","2,5150","2,5150","2,5000","0,00%"
"23.01.2018","2,5150","2,5200","2,5200","2,5100","-0,40%"
"22.01.2018","2,5250","2,5150","2,5350","2,5150","-0,43%"
"19.01.2018","2,5360","2,5360","2,5505","2,5360","0,00%"
"18.01.2018","2,5360","2,5380","2,5400","2,5280","-0,35%"
"17.01.2018","2,5450","2,5400","2,5450","2,5350","0,00%"
"16.01.2018","2,5450","2,5400","2,5450","2,5400","0,20%"
"15.01.2018","2,5400","2,5500","2,5500","2,5400","-0,39%"
"12.01.2018","2,5500","2,5650","2,5650","2,5500","-0,58%"
"11.01.2018","2,5650","2,5650","2,5671","2,5650","0,00%"
"10.01.2018","2,5650","2,5850","2,5850","2,5650","-0,77%"
"09.01.2018","2,5850","2,5900","2,5900","2,5800","-0,19%"
"08.01.2018","2,5900","2,5900","2,5900","2,5900","0,00%"
"05.01.2018","2,5900","2,5900","2,5900","2,5900","0,00%"
"04.01.2018","2,5900","2,5750","2,5900","2,5700","0,58%"
"03.01.2018","2,5750","2,5750","2,5900","2,5750","-0,68%"
"02.01.2018","2,5925","2,5947","2,5947","2,5925","0,02%"
"01.01.2018","2,5920","2,5920","2,5920","2,5920","0,00%"
"29.12.2017","2,5920","2,5920","2,5920","2,5920","-0,81%"
"28.12.2017","2,6131","2,5875","2,6131","2,5875","0,99%"
"27.12.2017","2,5876","2,5876","2,5876","2,5876","0,59%"
"26.12.2017","2,5725","2,5775","2,5775","2,5725","1,52%"
"25.12.2017","2,5340","2,5340","2,5340","2,5340","0,00%"
"22.12.2017","2,5340","2,5340","2,5340","2,5340","0,45%"
"21.12.2017","2,5227","2,5427","2,5427","2,5128","-0,68%"
"20.12.2017","2,5400","2,5250","2,5400","2,5200","0,59%"
"19.12.2017","2,5250","2,5300","2,5650","2,5100","-0,20%"
"18.12.2017","2,5300","2,5500","2,5500","2,5300","-0,39%"
"15.12.2017","2,5400","2,5500","2,5650","2,5400","-0,39%"
"14.12.2017","2,5500","2,5800","2,5800","2,5500","-0,97%"
"13.12.2017","2,5750","2,5850","2,5850","2,5600","-0,58%"
"12.12.2017","2,5900","2,6700","2,6700","2,5900","-3,00%"
"11.12.2017","2,6700","2,6600","2,6700","2,6550","0,19%"
"08.12.2017","2,6650","2,7120","2,7120","2,6650","-1,37%"
"07.12.2017","2,7020","2,6980","2,7020","2,6900","0,15%"
"06.12.2017","2,6980","2,6880","2,6980","2,6850","0,19%"
"05.12.2017","2,6930","2,7080","2,7080","2,6930","-0,37%"
"04.12.2017","2,7030","2,7030","2,7030","2,6900","0,11%"
"01.12.2017","2,7000","2,7060","2,7060","2,6950","-0,30%"
"30.11.2017","2,7080","2,7100","2,7123","2,7080","-0,07%"
"29.11.2017","2,7100","2,7220","2,7220","2,7100","-0,55%"
"28.11.2017","2,7250","2,7050","2,7250","2,7050","0,55%"
"27.11.2017","2,7100","2,7000","2,7283","2,7000","0,56%"
"24.11.2017","2,6950","2,7150","2,7150","2,6950","-0,74%"
"23.11.2017","2,7150","2,7150","2,7150","2,7150","0,00%"
"22.11.2017","2,7150","2,7150","2,7150","2,7137","0,00%"
"21.11.2017","2,7150","2,7000","2,7150","2,7000","0,56%"
"20.11.2017","2,7000","2,7100","2,7100","2,6850","-0,28%"
"17.11.2017","2,7075","2,7225","2,7243","2,7075","-0,64%"
"16.11.2017","2,7250","2,7050","2,7250","2,7000","0,74%"
"15.11.2017","2,7050","2,6850","2,7050","2,6845","0,93%"
"14.11.2017","2,6800","2,6600","2,6800","2,6595","0,75%"
"13.11.2017","2,6600","2,6495","2,6610","2,6450","0,30%"
"10.11.2017","2,6520","2,6475","2,6525","2,6474","0,26%"
"09.11.2017","2,6450","2,6350","2,6450","2,6150","0,38%"
"08.11.2017","2,6350","2,6100","2,6350","2,6095","0,96%"
"07.11.2017","2,6100","2,5900","2,6100","2,5895","0,77%"
"06.11.2017","2,5900","2,6150","2,6150","2,5895","-0,58%"
"03.11.2017","2,6050","2,6350","2,6350","2,6050","-1,14%"
"02.11.2017","2,6350","2,6150","2,6370","2,6150","0,88%"
"01.11.2017","2,6120","2,6020","2,6120","2,5970","0,08%"
"31.10.2017","2,6100","2,6050","2,6200","2,6000","0,38%"
"30.10.2017","2,6000","2,5650","2,6000","2,5650","1,48%"
"27.10.2017","2,5620","2,5570","2,5620","2,5320","-0,02%"
"26.10.2017","2,5625","2,5455","2,5625","2,5275","0,97%"
"25.10.2017","2,5380","2,5180","2,5400","2,4900","0,59%"
"24.10.2017","2,5230","2,5070","2,5280","2,4950","0,88%"
"23.10.2017","2,5010","2,4868","2,5010","2,4868","0,64%"
"20.10.2017","2,4850","2,4870","2,4870","2,4695","-0,08%"
"19.10.2017","2,4870","2,4870","2,4870","2,4695","0,00%"
"18.10.2017","2,4870","2,4830","2,4870","2,4830","0,16%"
"17.10.2017","2,4830","2,4810","2,4830","2,4670","0,08%"
"16.10.2017","2,4810","2,4770","2,4810","2,4695","0,16%"
"13.10.2017","2,4770","2,4770","2,4790","2,4680","0,00%"
"12.10.2017","2,4770","2,4830","2,4830","2,4695","-0,24%"
"11.10.2017","2,4830","2,4780","2,4870","2,4620","0,20%"
"10.10.2017","2,4780","2,4740","2,4780","2,4625","0,16%"
"09.10.2017","2,4740","2,4740","2,4740","2,4735","0,00%"
"06.10.2017","2,4740","2,4800","2,4800","2,4660","-0,16%"
"05.10.2017","2,4780","2,4780","2,4780","2,4642","0,00%"
"04.10.2017","2,4780","2,4710","2,4780","2,4600","0,24%"
"03.10.2017","2,4720","2,4720","2,4740","2,4560","-0,04%"
"02.10.2017","2,4730","2,4670","2,4730","2,4640","0,12%"
"29.09.2017","2,4700","2,4780","2,4780","2,4700","-0,32%"
"28.09.2017","2,4780","2,4770","2,4820","2,4700","0,04%"
"27.09.2017","2,4770","2,4730","2,4770","2,4700","0,16%"
"26.09.2017","2,4730","2,4750","2,4750","2,4700","-0,08%"
"25.09.2017","2,4750","2,4845","2,4845","2,4725","-0,12%"
"22.09.2017","2,4780","2,4780","2,4880","2,4650","0,00%"
"21.09.2017","2,4780","2,4780","2,4800","2,4700","0,00%"
"20.09.2017","2,4780","2,4770","2,4875","2,4770","0,04%"
"19.09.2017","2,4770","2,4750","2,4770","2,4600","0,08%"
"18.09.2017","2,4750","2,4750","2,4750","2,4560","0,00%"
"15.09.2017","2,4750","2,4650","2,4750","2,4560","0,41%"
"14.09.2017","2,4650","2,4600","2,4650","2,4500","0,20%"
"13.09.2017","2,4600","2,4620","2,4640","2,4600","-0,38%"
"12.09.2017","2,4695","2,4715","2,4715","2,4675","-0,08%"
"11.09.2017","2,4715","2,4720","2,4720","2,4625","-0,02%"
"08.09.2017","2,4720","2,4620","2,4745","2,4620","0,41%"
"07.09.2017","2,4620","2,4775","2,4775","2,4620","-0,63%"
"06.09.2017","2,4775","2,4970","2,4970","2,4775","-0,78%"
"05.09.2017","2,4970","2,4675","2,4975","2,4675","1,20%"
"04.09.2017","2,4675","2,4445","2,4705","2,4445","0,94%"
"01.09.2017","2,4445","2,4450","2,4555","2,4175","-0,02%"
"31.08.2017","2,4450","2,4315","2,4455","2,4175","0,56%"
"30.08.2017","2,4315","2,4320","2,4415","2,4125","-0,02%"
"29.08.2017","2,4320","2,4125","2,4335","2,4125","0,81%"
"28.08.2017","2,4125","2,4200","2,4200","2,3875","-0,31%"
"25.08.2017","2,4200","2,3975","2,4233","2,3975","-0,02%"
"24.08.2017","2,4205","2,4130","2,4215","2,4125","0,31%"
"23.08.2017","2,4130","2,4060","2,4135","2,4055","0,29%"
"22.08.2017","2,4060","2,4010","2,4060","2,4010","0,21%"
"21.08.2017","2,4010","2,4020","2,4020","2,4010","-0,04%"
"18.08.2017","2,4020","2,4025","2,4025","2,4020","-0,02%"
"17.08.2017","2,4025","2,4025","2,4025","2,4020","0,00%"
"16.08.2017","2,4025","2,4030","2,4030","2,4025","-0,02%"
"15.08.2017","2,4030","2,4020","2,4030","2,4020","0,04%"
"14.08.2017","2,4020","2,4020","2,4025","2,4020","0,00%"
"11.08.2017","2,4020","2,4010","2,4020","2,4010","0,04%"
"10.08.2017","2,4010","2,4015","2,4015","2,3975","0,46%"
"09.08.2017","2,3900","2,3900","2,3900","2,3870","0,00%"
"08.08.2017","2,3900","2,3870","2,3900","2,3760","0,08%"
"07.08.2017","2,3880","2,3892","2,3892","2,3770","-0,08%"
"04.08.2017","2,3900","2,3920","2,3920","2,3780","-0,08%"
"03.08.2017","2,3920","2,3920","2,3920","2,3780","0,00%"
"02.08.2017","2,3920","2,3920","2,3925","2,3805","0,00%"
"01.08.2017","2,3920","2,3945","2,3950","2,3830","0,08%"
"31.07.2017","2,3900","2,4065","2,4070","2,3900","-0,21%"
"28.07.2017","2,3950","2,3980","2,3980","2,3945","-0,13%"
"27.07.2017","2,3980","2,3960","2,3980","2,3830","0,08%"
"26.07.2017","2,3960","2,3960","2,3960","2,3850","0,00%"
"25.07.2017","2,3960","2,3940","2,4000","2,3780","0,08%"
"24.07.2017","2,3940","2,3940","2,3940","2,3935","0,00%"
"21.07.2017","2,3940","2,3960","2,3960","2,3830","-0,08%"
"20.07.2017","2,3960","2,3980","2,3980","2,3880","-0,08%"
"19.07.2017","2,3980","2,4000","2,4000","2,3880","-0,08%"
"18.07.2017","2,4000","2,4000","2,4000","2,3925","0,00%"
"17.07.2017","2,4000","2,3998","2,4000","2,3927","0,00%"
"14.07.2017","2,4000","2,3920","2,4000","2,3780","0,33%"
"13.07.2017","2,3920","2,3920","2,3920","2,3780","-0,40%"
"12.07.2017","2,4015","2,4015","2,4015","2,3900","0,40%"
"11.07.2017","2,3920","2,3920","2,3925","2,3780","0,00%"
"10.07.2017","2,3920","2,3960","2,3960","2,3855","-0,17%"
"07.07.2017","2,3960","2,3958","2,3960","2,3780","-0,39%"
"06.07.2017","2,4053","2,4055","2,4055","2,3965","0,39%"
"05.07.2017","2,3960","2,3980","2,4000","2,3905","-0,08%"
"04.07.2017","2,3980","2,4000","2,4000","2,3880","-0,08%"
"03.07.2017","2,4000","2,4020","2,4020","2,4000","-0,17%"
"30.06.2017","2,4040","2,4060","2,4060","2,3880","-0,08%"
"29.06.2017","2,4060","2,4080","2,4080","2,3880","-0,08%"
"28.06.2017","2,4080","2,4058","2,4080","2,3954","-0,30%"
"27.06.2017","2,4153","2,4175","2,4175","2,4075","0,30%"
"26.06.2017","2,4080","2,4077","2,4080","2,4030","-0,38%"
"23.06.2017","2,4172","2,4225","2,4225","2,4075","0,09%"
"22.06.2017","2,4150","2,4095","2,4150","2,4000","-0,08%"
"21.06.2017","2,4170","2,4175","2,4175","2,4170","0,50%"
"20.06.2017","2,4050","2,4070","2,4070","2,3930","-0,21%"
"19.06.2017","2,4100","2,4108","2,4120","2,3980","-0,17%"
"16.06.2017","2,4140","2,4130","2,4140","2,4000","0,04%"
"15.06.2017","2,4130","2,4120","2,4130","2,3950","0,04%"
"14.06.2017","2,4120","2,4120","2,4120","2,4000","0,17%"
"13.06.2017","2,4080","2,4080","2,4110","2,4075","0,00%"
"12.06.2017","2,4080","2,4080","2,4080","2,3920","-0,04%"
"09.06.2017","2,4090","2,4100","2,4100","2,3945","-0,17%"
"08.06.2017","2,4130","2,4150","2,4150","2,4050","-0,08%"
"07.06.2017","2,4150","2,4150","2,4150","2,3985","0,00%"
"06.06.2017","2,4150","2,4150","2,4150","2,4050","0,00%"
"05.06.2017","2,4150","2,4245","2,4250","2,4140","-0,41%"
"02.06.2017","2,4250","2,4250","2,4300","2,4053","0,00%"
"01.06.2017","2,4250","2,4100","2,4250","2,4076","0,62%"
"31.05.2017","2,4100","2,4100","2,4150","2,4050","-0,21%"
"30.05.2017","2,4150","2,4400","2,4400","2,4050","-1,02%"
"29.05.2017","2,4400","2,4200","2,4400","2,4200","0,72%"
"26.05.2017","2,4225","2,4225","2,4225","2,4125","0,31%"
"25.05.2017","2,4150","2,4050","2,4150","2,4045","0,42%"
"24.05.2017","2,4050","2,4050","2,4050","2,3950","0,00%"
"23.05.2017","2,4050","2,4200","2,4200","2,4000","-0,62%"
"22.05.2017","2,4200","2,4150","2,4200","2,4095","0,00%"
"19.05.2017","2,4200","2,4150","2,4250","2,4000","0,41%"
"18.05.2017","2,4100","2,3900","2,4100","2,3900","0,63%"
"17.05.2017","2,3950","2,4150","2,4150","2,3950","-0,62%"
"16.05.2017","2,4100","2,4250","2,4345","2,4095","-0,62%"
"15.05.2017","2,4250","2,4345","2,4345","2,4100","-0,70%"
"12.05.2017","2,4420","2,4425","2,4425","2,4275","0,29%"
"11.05.2017","2,4350","2,4380","2,4380","2,4200","-0,12%"
"10.05.2017","2,4380","2,4345","2,4380","2,4250","-0,16%"
"09.05.2017","2,4420","2,4425","2,4425","2,4275","0,29%"
"08.05.2017","2,4350","2,4398","2,4400","2,4200","-0,20%"
"05.05.2017","2,4400","2,4350","2,4400","2,4200","0,21%"
"04.05.2017","2,4350","2,4380","2,4380","2,4150","-0,12%"
"03.05.2017","2,4380","2,4400","2,4400","2,4200","-0,08%"
"02.05.2017","2,4400","2,4350","2,4400","2,4300","-0,10%"
"01.05.2017","2,4425","2,4475","2,4475","2,4375","-0,10%"
"28.04.2017","2,4450","2,4450","2,4450","2,4350","-0,20%"
"27.04.2017","2,4500","2,4850","2,4850","2,4495","-1,41%"
"26.04.2017","2,4850","2,4550","2,4850","2,4450","1,22%"
"25.04.2017","2,4550","2,4250","2,4550","2,4245","1,45%"
"24.04.2017","2,4200","2,4100","2,4200","2,4000","0,62%"
"21.04.2017","2,4050","2,3950","2,4050","2,3800","0,42%"
"20.04.2017","2,3950","2,3900","2,3950","2,3600","0,00%"
"19.04.2017","2,3950","2,3850","2,4050","2,3850","0,42%"
"18.04.2017","2,3850","2,3895","2,3895","2,3700","-0,29%"
"17.04.2017","2,3920","2,3920","2,3955","2,3575","0,08%"
"14.04.2017","2,3900","2,3750","2,3945","2,3750","0,84%"
"13.04.2017","2,3700","2,3900","2,3900","2,3700","-0,63%"
"12.04.2017","2,3850","2,3950","2,3950","2,3700","-0,63%"
"11.04.2017","2,4000","2,4150","2,4250","2,3950","-0,62%"
"10.04.2017","2,4150","2,4050","2,4250","2,4050","0,42%"
"07.04.2017","2,4050","2,4250","2,4250","2,4050","-0,82%"
"06.04.2017","2,4250","2,4250","2,4250","2,4240","0,00%"
"05.04.2017","2,4250","2,4250","2,4275","2,4250","0,00%"
"04.04.2017","2,4250","2,4395","2,4400","2,4150","-0,61%"
"03.04.2017","2,4400","2,4050","2,4400","2,4050","1,24%"
"31.03.2017","2,4100","2,4500","2,4500","2,4100","-1,23%"
"30.03.2017","2,4400","2,4400","2,4400","2,4300","0,00%"
"29.03.2017","2,4400","2,4400","2,4400","2,4395","0,00%"
"28.03.2017","2,4400","2,4350","2,4400","2,4300","0,00%"
"27.03.2017","2,4400","2,4350","2,4475","2,4350","0,10%"
"24.03.2017","2,4375","2,4375","2,4475","2,4370","0,00%"
"23.03.2017","2,4375","2,4375","2,4475","2,4375","0,00%"
"22.03.2017","2,4375","2,4375","2,4375","2,4375","-0,10%"
"21.03.2017","2,4400","2,4500","2,4500","2,4400","-0,31%"
"20.03.2017","2,4475","2,4770","2,4930","2,4475","-1,31%"
"17.03.2017","2,4800","2,4900","2,4900","2,4770","-0,40%"
"16.03.2017","2,4900","2,5000","2,5100","2,4900","-0,40%"
"15.03.2017","2,5000","2,4850","2,5000","2,4850","0,60%"
"14.03.2017","2,4850","2,4900","2,5000","2,4845","-0,20%"
"13.03.2017","2,4900","2,4995","2,5000","2,4895","-0,28%"
"10.03.2017","2,4970","2,4823","2,5075","2,4823","0,48%"
"09.03.2017","2,4850","2,4625","2,4850","2,4495","1,55%"
"08.03.2017","2,4470","2,4475","2,4600","2,4470","-0,12%"
"07.03.2017","2,4500","2,4695","2,4700","2,4500","-0,69%"
"06.03.2017","2,4670","2,4920","2,4925","2,4425","-1,00%"
"03.03.2017","2,4920","2,4675","2,4925","2,4675","0,48%"
"02.03.2017","2,4800","2,4600","2,4800","2,4300","0,81%"
"01.03.2017","2,4600","2,5400","2,5500","2,4595","-2,77%"
"28.02.2017","2,5300","2,5750","2,5750","2,5300","-1,75%"
"27.02.2017","2,5750","2,5800","2,5925","2,5745","-0,10%"
"24.02.2017","2,5775","2,5870","2,5900","2,5775","-0,37%"
"23.02.2017","2,5870","2,5875","2,5900","2,5865","-0,12%"
"22.02.2017","2,5900","2,6250","2,6450","2,5895","-1,15%"
"21.02.2017","2,6200","2,6350","2,6600","2,6200","-0,66%"
"20.02.2017","2,6375","2,6425","2,6425","2,6375","-0,28%"
"17.02.2017","2,6450","2,6375","2,6475","2,6375","0,19%"
"16.02.2017","2,6400","2,6300","2,6509","2,6300","0,38%"
"15.02.2017","2,6300","2,6395","2,6650","2,6295","-0,57%"
"14.02.2017","2,6450","2,6300","2,6500","2,6295","0,38%"
"13.02.2017","2,6350","2,6245","2,6600","2,6245","0,50%"
"10.02.2017","2,6220","2,6275","2,6325","2,6175","-0,30%"
"09.02.2017","2,6300","2,6500","2,6575","2,6300","-0,57%"
"08.02.2017","2,6450","2,6600","2,6700","2,6450","-0,56%"
"07.02.2017","2,6600","2,6650","2,6850","2,6595","-0,19%"
"06.02.2017","2,6650","2,6800","2,6875","2,6650","-0,65%"
"03.02.2017","2,6825","2,7125","2,7125","2,6775","-0,56%"
"02.02.2017","2,6975","2,7125","2,7150","2,6925","0,00%"
"01.02.2017","2,6975","2,6975","2,7155","2,6970","0,09%"
"31.01.2017","2,6950","2,7000","2,7150","2,6950","-0,19%"
"30.01.2017","2,7000","2,6950","2,7100","2,6950","0,09%"
"27.01.2017","2,6975","2,7025","2,7125","2,6975","-0,09%"
"26.01.2017","2,7000","2,6900","2,7067","2,6898","0,37%"
"25.01.2017","2,6900","2,6900","2,6975","2,6895","0,00%"
"24.01.2017","2,6900","2,6850","2,7000","2,6850","0,19%"
"23.01.2017","2,6850","2,6645","2,6925","2,6645","0,67%"
"20.01.2017","2,6670","2,6615","2,6770","2,6615","-0,26%"
"19.01.2017","2,6740","2,6550","2,6740","2,6500","0,43%"
"18.01.2017","2,6625","2,6520","2,6625","2,6375","0,09%"
"17.01.2017","2,6600","2,7000","2,7000","2,6600","-0,56%"
"16.01.2017","2,6750","2,7195","2,7200","2,6750","-1,47%"
"13.01.2017","2,7150","2,7400","2,7400","2,7145","-0,91%"
"12.01.2017","2,7400","2,7350","2,7450","2,7350","0,00%"
"11.01.2017","2,7400","2,7445","2,7550","2,7400","0,00%"
"10.01.2017","2,7400","2,7450","2,7550","2,7400","-0,18%"
"09.01.2017","2,7450","2,7500","2,7550","2,7350","-0,09%"
"06.01.2017","2,7475","2,7520","2,7675","2,7475","-0,16%"
"05.01.2017","2,7520","2,6975","2,7525","2,6975","1,93%"
"04.01.2017","2,7000","2,6550","2,7100","2,6545","1,69%"
"03.01.2017","2,6550","2,6660","2,6660","2,6545","-0,32%"
"02.01.2017","2,6635","2,6643","2,6643","2,6635","-0,03%"
"30.12.2016","2,6643","2,6575","2,6645","2,6575","0,26%"
"29.12.2016","2,6575","2,6575","2,6575","2,6575","-0,09%"
"28.12.2016","2,6600","2,6300","2,6600","2,6295","0,76%"
"27.12.2016","2,6400","2,7045","2,7050","2,6295","-2,40%"
"26.12.2016","2,7050","2,7500","2,7500","2,7045","-1,19%"
"23.12.2016","2,7375","2,7425","2,8075","2,6775","-0,45%"
"22.12.2016","2,7500","2,8205","2,8205","2,7500","-2,24%"
"21.12.2016","2,8130","2,8075","2,8130","2,8072","0,11%"
"20.12.2016","2,8100","2,7900","2,8150","2,7574","0,72%"
"19.12.2016","2,7900","2,7000","2,7900","2,7000","3,43%"
"16.12.2016","2,6975","2,6775","2,6975","2,6775","0,65%"
"15.12.2016","2,6800","2,6600","2,6845","2,6595","0,75%"
"14.12.2016","2,6600","2,6600","2,6775","2,6595","0,00%"
"13.12.2016","2,6600","2,6350","2,6650","2,6314","0,95%"
"12.12.2016","2,6350","2,5950","2,6350","2,5945","1,64%"
"09.12.2016","2,5925","2,5775","2,5925","2,5725","0,48%"
"08.12.2016","2,5800","2,5650","2,5889","2,5648","0,58%"
"07.12.2016","2,5650","2,5500","2,5900","2,5500","0,20%"
"06.12.2016","2,5600","2,5750","2,5850","2,5600","-0,19%"
"05.12.2016","2,5650","2,5495","2,5739","2,5495","0,20%"
"02.12.2016","2,5600","2,5650","2,6121","2,5595","-0,19%"
"01.12.2016","2,5650","2,5650","2,6300","2,5600","0,39%"
"30.11.2016","2,5550","2,5300","2,5550","2,5300","0,99%"
"29.11.2016","2,5300","2,5250","2,5300","2,5228","0,20%"
"28.11.2016","2,5250","2,5100","2,5320","2,5100","0,70%"
"25.11.2016","2,5075","2,4925","2,5075","2,4725","0,50%"
"24.11.2016","2,4950","2,4750","2,4950","2,4745","0,81%"
"23.11.2016","2,4750","2,4750","2,5070","2,4745","0,00%"
"22.11.2016","2,4750","2,4950","2,5075","2,4750","-0,80%"
"21.11.2016","2,4950","2,4895","2,5029","2,4895","0,32%"
"18.11.2016","2,4870","2,4825","2,4986","2,4820","0,08%"
"17.11.2016","2,4850","2,4850","2,5076","2,4845","0,00%"
"16.11.2016","2,4850","2,4850","2,5106","2,4845","0,10%"
"15.11.2016","2,4825","2,4875","2,5015","2,4820","-0,30%"
"14.11.2016","2,4900","2,4700","2,5049","2,4700","0,91%"
"11.11.2016","2,4675","2,4775","2,4825","2,4675","-0,50%"
"10.11.2016","2,4800","2,4600","2,4800","2,4200","0,81%"
"09.11.2016","2,4600","2,4500","2,4602","2,4500","0,41%"
"08.11.2016","2,4500","2,4400","2,4616","2,4395","0,41%"
"07.11.2016","2,4400","2,4295","2,4666","2,4290","0,41%"
"04.11.2016","2,4300","2,4450","2,4521","2,4290","-0,61%"
"03.11.2016","2,4450","2,4350","2,4500","2,4345","0,41%"
"02.11.2016","2,4350","2,4050","2,4350","2,4045","1,37%"
"01.11.2016","2,4020","2,3925","2,4125","2,3920","0,29%"
"31.10.2016","2,3950","2,3900","2,4251","2,3600","0,21%"
"28.10.2016","2,3900","2,4000","2,4000","2,3895","-0,42%"
"27.10.2016","2,4000","2,3950","2,4000","2,3945","0,21%"
"26.10.2016","2,3950","2,3950","2,3950","2,3845","0,00%"
"25.10.2016","2,3950","2,3750","2,3950","2,3750","0,84%"
"24.10.2016","2,3750","2,3650","2,3750","2,3590","0,42%"
"21.10.2016","2,3650","2,3600","2,3859","2,3590","0,21%"
"20.10.2016","2,3600","2,3500","2,3824","2,3500","0,21%"
"19.10.2016","2,3550","2,3550","2,3893","2,3545","0,00%"
"18.10.2016","2,3550","2,3700","2,3965","2,3545","-0,63%"
"17.10.2016","2,3700","2,3745","2,3750","2,3700","-0,21%"
"14.10.2016","2,3750","2,3750","2,3750","2,3730","0,00%"
"13.10.2016","2,3750","2,3651","2,3750","2,3645","0,64%"
"12.10.2016","2,3600","2,3500","2,3600","2,3400","0,43%"
"11.10.2016","2,3500","2,3450","2,3505","2,3445","0,21%"
"10.10.2016","2,3450","2,3248","2,3450","2,3248","0,43%"
"07.10.2016","2,3350","2,3350","2,3623","2,3345","0,00%"
"06.10.2016","2,3350","2,3500","2,3611","2,3345","-0,64%"
"05.10.2016","2,3500","2,3400","2,3600","2,3397","0,43%"
"04.10.2016","2,3400","2,3400","2,3547","2,3395","0,00%"
"03.10.2016","2,3400","2,3495","2,3557","2,3395","-0,43%"
"30.09.2016","2,3500","2,3500","2,3857","2,3400","0,53%"
"29.09.2016","2,3375","2,3375","2,3421","2,3370","-0,32%"
"28.09.2016","2,3450","2,3450","2,3496","2,3395","0,21%"
"27.09.2016","2,3400","2,3300","2,3505","2,3300","0,43%"
"26.09.2016","2,3300","2,3200","2,3300","2,3148","0,43%"
"23.09.2016","2,3200","2,3150","2,3274","2,3148","0,22%"
"22.09.2016","2,3150","2,3150","2,3355","2,3145","0,00%"
"21.09.2016","2,3150","2,3100","2,3351","2,3095","0,22%"
"20.09.2016","2,3100","2,3100","2,3300","2,3095","0,00%"
"19.09.2016","2,3100","2,3100","2,3280","2,3095","0,00%"
"16.09.2016","2,3100","2,3100","2,3265","2,3100","0,00%"
"15.09.2016","2,3100","2,3100","2,3275","2,3095","0,00%"
"14.09.2016","2,3100","2,3100","2,3284","2,3095","0,00%"
"13.09.2016","2,3100","2,3100","2,3281","2,3095","0,00%"
"12.09.2016","2,3100","2,3100","2,3275","2,3100","0,00%"
"09.09.2016","2,3100","2,3100","2,3200","2,2870","0,00%"
"08.09.2016","2,3100","2,3050","2,3200","2,3048","0,22%"
"07.09.2016","2,3050","2,3000","2,3180","2,3000","0,22%"
"06.09.2016","2,3000","2,3000","2,3127","2,2900","0,00%"
"05.09.2016","2,3000","2,2900","2,3088","2,2900","0,55%"
"02.09.2016","2,2875","2,2875","2,2875","2,2875","-0,11%"
"01.09.2016","2,2900","2,2950","2,2950","2,2895","-0,22%"
"31.08.2016","2,2950","2,3050","2,3050","2,2950","-0,43%"
"30.08.2016","2,3050","2,3000","2,3050","2,2945","0,22%"
"29.08.2016","2,3000","2,2848","2,3000","2,2848","0,66%"
"26.08.2016","2,2850","2,2850","2,3017","2,2845","0,00%"
"25.08.2016","2,2850","2,2950","2,3136","2,2845","-0,44%"
"24.08.2016","2,2950","2,2850","2,2950","2,2845","0,44%"
"23.08.2016","2,2850","2,2750","2,2970","2,2745","0,44%"
"22.08.2016","2,2750","2,2595","2,2975","2,2595","0,22%"
"19.08.2016","2,2700","2,2650","2,3070","2,2500","-0,22%"
"18.08.2016","2,2750","2,3300","2,3405","2,2750","-1,94%"
"17.08.2016","2,3200","2,3360","2,3400","2,3195","-0,26%"
"16.08.2016","2,3260","2,3360","2,3400","2,3255","-0,34%"
"15.08.2016","2,3340","2,3408","2,3410","2,3338","-0,30%"
"12.08.2016","2,3410","2,3410","2,3430","2,3405","0,00%"
"11.08.2016","2,3410","2,3450","2,3450","2,3405","-0,26%"
"10.08.2016","2,3470","2,3470","2,3504","2,3468","0,00%"
"09.08.2016","2,3470","2,3520","2,3520","2,3300","-0,13%"
"08.08.2016","2,3500","2,3530","2,3540","2,3450","-0,53%"
"05.08.2016","2,3625","2,3630","2,3630","2,3550","-0,02%"
"04.08.2016","2,3630","2,3595","2,3635","2,3525","0,51%"
"03.08.2016","2,3510","2,3510","2,3510","2,3460","0,04%"
"02.08.2016","2,3500","2,3470","2,3500","2,3451","0,13%"
"01.08.2016","2,3470","2,3498","2,3500","2,3430","-0,17%"
"29.07.2016","2,3510","2,3470","2,3510","2,3460","0,21%"
"28.07.2016","2,3460","2,3450","2,3460","2,3425","0,04%"
"27.07.2016","2,3450","2,3430","2,3480","2,3425","0,00%"
"26.07.2016","2,3450","2,3450","2,3450","2,3400","0,00%"
"25.07.2016","2,3450","2,3445","2,3500","2,3425","0,00%"
"22.07.2016","2,3450","2,3450","2,3500","2,3445","0,00%"
"21.07.2016","2,3450","2,3450","2,3475","2,3445","0,00%"
"20.07.2016","2,3450","2,3450","2,3500","2,3445","0,00%"
"19.07.2016","2,3450","2,3450","2,3450","2,3445","-0,32%"
"18.07.2016","2,3525","2,3525","2,3525","2,3520","0,32%"
"15.07.2016","2,3450","2,3450","2,3450","2,3400","0,00%"
"14.07.2016","2,3450","2,3478","2,3480","2,3400","-0,13%"
"13.07.2016","2,3480","2,3450","2,3600","2,3445","0,13%"
"12.07.2016","2,3450","2,3450","2,3450","2,3400","0,00%"
"11.07.2016","2,3450","2,3395","2,3450","2,3395","0,00%"
"08.07.2016","2,3450","2,3350","2,3500","2,3295","0,21%"
"07.07.2016","2,3400","2,3350","2,3550","2,3345","0,00%"
"06.07.2016","2,3400","2,3300","2,3650","2,3300","0,21%"
"05.07.2016","2,3350","2,3250","2,3450","2,3245","0,21%"
"04.07.2016","2,3300","2,3300","2,3300","2,3295","0,00%"
"01.07.2016","2,3300","2,3300","2,3300","2,3170","0,00%"
"30.06.2016","2,3300","2,3550","2,3550","2,3295","-1,06%"
"29.06.2016","2,3550","2,3100","2,3570","2,3100","1,07%"
"28.06.2016","2,3300","2,3800","2,3900","2,3300","-1,27%"
"27.06.2016","2,3600","2,3095","2,3700","2,3000","2,16%"
"24.06.2016","2,3100","2,2400","2,3625","2,2395","3,59%"
"23.06.2016","2,2300","2,2300","2,2600","2,2285","0,00%"
"22.06.2016","2,2300","2,2150","2,2650","2,2145","1,13%"
"21.06.2016","2,2050","2,1950","2,2150","2,1945","0,46%"
"20.06.2016","2,1950","2,1795","2,2103","2,1795","0,69%"
"17.06.2016","2,1800","2,1550","2,1900","2,1535","1,63%"
"16.06.2016","2,1450","2,1380","2,1500","2,1375","0,33%"
"15.06.2016","2,1380","2,1350","2,1380","2,1345","0,14%"
"14.06.2016","2,1350","2,1370","2,1385","2,1345","-0,09%"
"13.06.2016","2,1370","2,1295","2,1400","2,1295","0,33%"
"10.06.2016","2,1300","2,1300","2,1365","2,1200","0,00%"
"09.06.2016","2,1300","2,1250","2,1350","2,1200","0,24%"
"08.06.2016","2,1250","2,1200","2,1300","2,1050","0,24%"
"07.06.2016","2,1200","2,1350","2,1350","2,1195","-0,70%"
"06.06.2016","2,1350","2,1445","2,1445","2,1330","-0,09%"
"03.06.2016","2,1370","2,1450","2,1455","2,1370","-0,37%"
"02.06.2016","2,1450","2,1350","2,1475","2,1345","0,47%"
"01.06.2016","2,1350","2,1380","2,1417","2,1345","-0,14%"
"31.05.2016","2,1380","2,1470","2,1475","2,1375","-0,42%"
"30.05.2016","2,1470","2,1415","2,1520","2,1415","-0,05%"
"27.05.2016","2,1480","2,1450","2,1500","2,1370","0,14%"
"26.05.2016","2,1450","2,1450","2,1500","2,1440","0,00%"
"25.05.2016","2,1450","2,1450","2,1550","2,1440","0,00%"
"24.05.2016","2,1450","2,1480","2,1500","2,1450","-0,14%"
"23.05.2016","2,1480","2,1300","2,1480","2,1300","0,14%"
"20.05.2016","2,1450","2,1400","2,1450","2,1250","0,00%"
"19.05.2016","2,1450","2,1500","2,1530","2,1445","-0,23%"
"18.05.2016","2,1500","2,1850","2,1995","2,1495","-1,38%"
"17.05.2016","2,1800","2,1900","2,1950","2,1800","-0,46%"
"16.05.2016","2,1900","2,2000","2,2000","2,1895","-0,45%"
"13.05.2016","2,2000","2,2050","2,2075","2,2000","-0,23%"
"12.05.2016","2,2050","2,2050","2,2075","2,2045","0,00%"
"11.05.2016","2,2050","2,2050","2,2125","2,2045","0,00%"
"10.05.2016","2,2050","2,2040","2,2130","2,2040","-0,29%"
"09.05.2016","2,2115","2,2120","2,2205","2,2115","-0,02%"
"06.05.2016","2,2120","2,2175","2,2175","2,2100","0,09%"
"05.05.2016","2,2100","2,1950","2,2125","2,1945","0,45%"
"04.05.2016","2,2000","2,2150","2,2150","2,1995","-0,45%"
"03.05.2016","2,2100","2,2230","2,2250","2,2100","-0,92%"
"02.05.2016","2,2305","2,2315","2,2315","2,2305","-0,04%"
"29.04.2016","2,2315","2,2325","2,2325","2,2315","0,29%"
"28.04.2016","2,2250","2,2300","2,2300","2,2245","-0,23%"
"27.04.2016","2,2301","2,2351","2,2351","2,2245","-0,22%"
"26.04.2016","2,2350","2,2250","2,2350","2,2245","0,22%"
"25.04.2016","2,2300","2,2448","2,2448","2,2300","-0,45%"
"22.04.2016","2,2400","2,2400","2,2470","2,2250","0,00%"
"21.04.2016","2,2400","2,2300","2,2400","2,2200","0,45%"
"20.04.2016","2,2300","2,2450","2,2450","2,2250","-0,67%"
"19.04.2016","2,2450","2,2450","2,2500","2,2400","0,00%"
"18.04.2016","2,2450","2,2445","2,2500","2,2400","0,22%"
"15.04.2016","2,2400","2,2500","2,2500","2,2400","-0,67%"
"14.04.2016","2,2550","2,2350","2,2550","2,2345","0,89%"
"13.04.2016","2,2350","2,2550","2,2600","2,2345","-0,67%"
"12.04.2016","2,2500","2,2700","2,2700","2,2500","-0,88%"
"11.04.2016","2,2700","2,2700","2,2750","2,2600","0,00%"
"08.04.2016","2,2700","2,2750","2,2750","2,2700","-0,22%"
"07.04.2016","2,2750","2,2900","2,3000","2,2750","-0,66%"
"06.04.2016","2,2900","2,2950","2,3000","2,2900","-0,22%"
"05.04.2016","2,2950","2,2700","2,2950","2,2698","1,22%"
"04.04.2016","2,2673","2,2925","2,2925","2,2670","-1,21%"
"01.04.2016","2,2950","2,2950","2,3000","2,2650","0,00%"
"31.03.2016","2,2950","2,3300","2,3300","2,2650","-1,71%"
"30.03.2016","2,3350","2,3650","2,3745","2,3345","-1,06%"
"29.03.2016","2,3600","2,3551","2,3700","2,3548","0,21%"
"28.03.2016","2,3551","2,3344","2,3551","2,3344","0,86%"
"25.03.2016","2,3350","2,3300","2,3350","2,3145","0,21%"
"24.03.2016","2,3300","2,3050","2,3300","2,2800","1,08%"
"23.03.2016","2,3050","2,3100","2,3100","2,2800","-0,22%"
"22.03.2016","2,3100","2,2780","2,3100","2,2775","1,40%"
"21.03.2016","2,2780","2,2900","2,3550","2,2550","-0,09%"
"18.03.2016","2,2800","2,2950","2,3050","2,2800","-0,65%"
"17.03.2016","2,2950","2,3100","2,3800","2,2950","-0,86%"
"16.03.2016","2,3150","2,3250","2,3350","2,2850","0,00%"
"15.03.2016","2,3150","2,3600","2,3600","2,3150","-1,91%"
"14.03.2016","2,3600","2,4245","2,4245","2,3595","-2,36%"
"11.03.2016","2,4170","2,4325","2,4375","2,4005","-0,53%"
"10.03.2016","2,4300","2,4145","2,4450","2,4145","0,54%"
"09.03.2016","2,4170","2,4645","2,4645","2,4170","-1,83%"
"08.03.2016","2,4620","2,4620","2,4620","2,4615","0,00%"
"07.03.2016","2,4620","2,4650","2,4695","2,4615","-0,40%"
"04.03.2016","2,4720","2,4725","2,4725","2,4675","0,08%"
"03.03.2016","2,4700","2,4700","2,4700","2,4690","0,00%"
"02.03.2016","2,4700","2,4650","2,4700","2,4650","0,20%"
"01.03.2016","2,4650","2,4600","2,4650","2,4595","0,20%"
"29.02.2016","2,4600","2,4645","2,4650","2,4580","-0,28%"
"26.02.2016","2,4670","2,4805","2,4805","2,4670","-0,44%"
"25.02.2016","2,4780","2,4800","2,4800","2,4780","-0,08%"
"24.02.2016","2,4800","2,4820","2,4820","2,4800","-0,08%"
"23.02.2016","2,4820","2,4800","2,4850","2,4800","0,08%"
"22.02.2016","2,4800","2,4820","2,4850","2,4800","-0,18%"
"19.02.2016","2,4845","2,4825","2,4875","2,4825","0,08%"
"18.02.2016","2,4825","2,4955","2,4955","2,4825","-0,42%"
"17.02.2016","2,4930","2,4950","2,4950","2,4927","-0,28%"
"16.02.2016","2,5000","2,5000","2,5001","2,5000","0,00%"
"15.02.2016","2,5000","2,5000","2,5000","2,4700","0,10%"
"12.02.2016","2,4975","2,4725","2,4975","2,4725","0,91%"
"11.02.2016","2,4750","2,4620","2,4750","2,4550","0,53%"
"10.02.2016","2,4620","2,4700","2,4700","2,4620","-0,32%"
"09.02.2016","2,4700","2,4880","2,4880","2,4700","-0,52%"
"08.02.2016","2,4830","2,4850","2,4850","2,4825","-0,18%"
"05.02.2016","2,4875","2,4925","2,4925","2,4875","-0,10%"
"04.02.2016","2,4900","2,4850","2,4900","2,4800","0,12%"
"03.02.2016","2,4870","2,4875","2,4875","2,4870","-0,12%"
"02.02.2016","2,4900","2,4800","2,4900","2,4800","0,61%"
"01.02.2016","2,4750","2,4650","2,4750","2,4650","0,41%"
"29.01.2016","2,4650","2,4650","2,4650","2,4550","-0,20%"
"28.01.2016","2,4700","2,4750","2,4750","2,4700","-0,20%"
"27.01.2016","2,4750","2,4750","2,4845","2,4600","-0,20%"
"26.01.2016","2,4800","2,5000","2,5050","2,4775","-0,60%"
"25.01.2016","2,4950","2,4700","2,4950","2,4500","1,11%"
"22.01.2016","2,4675","2,4525","2,4675","2,4475","0,71%"
"21.01.2016","2,4500","2,4450","2,4500","2,4126","0,20%"
"20.01.2016","2,4450","2,4195","2,4450","2,4126","0,95%"
"19.01.2016","2,4220","2,4225","2,4225","2,4196","-0,12%"
"18.01.2016","2,4250","2,4245","2,4250","2,4245","0,12%"
"15.01.2016","2,4220","2,4175","2,4225","2,4151","0,08%"
"14.01.2016","2,4200","2,4200","2,4276","2,4176","0,00%"
"13.01.2016","2,4200","2,4200","2,4200","2,4176","0,00%"
"12.01.2016","2,4200","2,4300","2,4350","2,3926","-0,31%"
"11.01.2016","2,4275","2,4175","2,4275","2,3901","0,41%"
"08.01.2016","2,4175","2,4175","2,4175","2,4151","0,10%"
"07.01.2016","2,4150","2,4150","2,4150","2,3876","0,00%"
"06.01.2016","2,4150","2,4150","2,4150","2,4150","0,00%"
"05.01.2016","2,4150","2,4100","2,4150","2,3876","0,21%"
"04.01.2016","2,4100","2,3495","2,4100","2,3495","0,42%"
"01.01.2016","2,4000","2,4000","2,4000","2,3495","0,00%"
"31.12.2015","2,4000","2,3900","2,4000","2,3495","0,42%"
"30.12.2015","2,3900","2,3950","2,3950","2,3850","-0,21%"
"29.12.2015","2,3950","2,4050","2,4050","2,3950","-0,42%"
"28.12.2015","2,4050","2,3995","2,4050","2,3494","0,42%"
"25.12.2015","2,3950","2,4000","2,4100","2,3950","-0,21%"
"24.12.2015","2,4000","2,4150","2,4200","2,3950","-0,62%"
"23.12.2015","2,4150","2,4000","2,4150","2,3494","0,62%"
"22.12.2015","2,4000","2,3950","2,4050","2,3945","0,21%"
"21.12.2015","2,3950","2,3850","2,3950","2,3494","0,31%"
"18.12.2015","2,3875","2,3945","2,3945","2,3851","-0,29%"
"17.12.2015","2,3945","2,3900","2,3945","2,3519","0,19%"
"16.12.2015","2,3900","2,3905","2,3905","2,3900","0,08%"
"15.12.2015","2,3880","2,3900","2,3900","2,3643","-0,08%"
"14.12.2015","2,3900","2,3950","2,3950","2,3494","-0,31%"
"11.12.2015","2,3975","2,3975","2,4020","2,3975","0,10%"
"10.12.2015","2,3950","2,3900","2,4000","2,3494","0,21%"
"09.12.2015","2,3900","2,3730","2,3900","2,3662","0,72%"
"08.12.2015","2,3730","2,3750","2,3750","2,3494","-0,08%"
"07.12.2015","2,3750","2,3850","2,4000","2,3745","-0,52%"
"04.12.2015","2,3875","2,3925","2,3975","2,3589","-0,10%"
"03.12.2015","2,3900","2,3930","2,3935","2,3662","-0,13%"
"02.12.2015","2,3930","2,3950","2,3950","2,3692","-0,19%"
"01.12.2015","2,3975","2,3975","2,3975","2,3737","0,00%"
"30.11.2015","2,3975","2,3975","2,4101","2,3737","0,00%"
"27.11.2015","2,3975","2,3975","2,4025","2,3787","0,10%"
"26.11.2015","2,3950","2,3950","2,3950","2,3950","0,00%"
"25.11.2015","2,3950","2,4065","2,4100","2,3712","-0,58%"
"24.11.2015","2,4090","2,4075","2,4125","2,3787","0,06%"
"23.11.2015","2,4075","2,4075","2,4075","2,3787","0,00%"
"20.11.2015","2,4075","2,4025","2,4075","2,3787","0,31%"
"19.11.2015","2,4000","2,3900","2,4000","2,3662","0,42%"
"18.11.2015","2,3900","2,3800","2,3900","2,3662","0,21%"
"17.11.2015","2,3850","2,3948","2,3950","2,3614","-0,31%"
"16.11.2015","2,3923","2,3920","2,3925","2,3920","0,01%"
"13.11.2015","2,3920","2,3975","2,3975","2,3920","-0,33%"
"12.11.2015","2,4000","2,4050","2,4050","2,4000","-0,21%"
"11.11.2015","2,4050","2,3900","2,4050","2,3895","0,63%"
"10.11.2015","2,3900","2,3900","2,3900","2,3750","0,00%"
"09.11.2015","2,3900","2,3948","2,3950","2,3712","-0,10%"
"06.11.2015","2,3923","2,3925","2,4083","2,3687","-0,11%"
"05.11.2015","2,3950","2,3950","2,3950","2,3945","0,00%"
"04.11.2015","2,3950","2,3950","2,3950","2,3945","0,00%"
"03.11.2015","2,3950","2,3950","2,3998","2,3945","0,00%"
"02.11.2015","2,3950","2,3898","2,3998","2,3750","0,21%"
"30.10.2015","2,3900","2,3850","2,3900","2,3798","0,21%"
"29.10.2015","2,3850","2,3800","2,3850","2,3545","0,21%"
"28.10.2015","2,3800","2,3800","2,4048","2,3745","0,00%"
"27.10.2015","2,3800","2,4095","2,4100","2,3745","-1,24%"
"26.10.2015","2,4100","2,4002","2,4102","2,4000","0,42%"
"23.10.2015","2,4000","2,3900","2,4000","2,3796","0,42%"
"22.10.2015","2,3900","2,3900","2,3900","2,3796","0,00%"
"21.10.2015","2,3900","2,3730","2,3900","2,3730","0,72%"
"20.10.2015","2,3730","2,3730","2,3796","2,3545","0,00%"
"19.10.2015","2,3730","2,3550","2,3796","2,3545","0,34%"
"16.10.2015","2,3650","2,3850","2,3896","2,3645","-1,05%"
"15.10.2015","2,3901","2,3905","2,3905","2,3857","0,74%"
"14.10.2015","2,3725","2,3715","2,3725","2,3715","-0,52%"
"13.10.2015","2,3850","2,3854","2,3904","2,3844","0,00%"
"12.10.2015","2,3850","2,3898","2,3900","2,3845","-0,21%"
"09.10.2015","2,3900","2,3900","2,3900","2,3895","0,00%"
"08.10.2015","2,3900","2,3800","2,4048","2,3748","0,00%"
"07.10.2015","2,3900","2,4000","2,4000","2,3665","-0,42%"
"06.10.2015","2,4000","2,3950","2,4000","2,3848","1,16%"
"05.10.2015","2,3725","2,3675","2,3725","2,3675","-0,73%"
"02.10.2015","2,3900","2,3850","2,3900","2,3845","0,21%"
"01.10.2015","2,3850","2,3800","2,3850","2,3616","0,21%"
"30.09.2015","2,3800","2,3800","2,3900","2,3566","0,00%"
"29.09.2015","2,3800","2,3550","2,3848","2,3545","1,06%"
"28.09.2015","2,3550","2,3800","2,3848","2,3545","-0,30%"
"25.09.2015","2,3620","2,3625","2,3675","2,3341","-0,96%"
"24.09.2015","2,3850","2,3745","2,3850","2,3733","0,42%"
"23.09.2015","2,3751","2,3903","2,3903","2,3748","0,32%"
"22.09.2015","2,3675","2,4170","2,4275","2,3673","-2,05%"
"21.09.2015","2,4170","2,4070","2,4175","2,4070","0,42%"
"18.09.2015","2,4070","2,4175","2,4175","2,3699","-2,15%"
"17.09.2015","2,4600","2,4595","2,4600","2,4124","1,78%"
"16.09.2015","2,4170","2,3970","2,4175","2,3699","-1,75%"
"15.09.2015","2,4600","2,4127","2,4603","2,4103","2,58%"
"14.09.2015","2,3982","2,4058","2,4256","2,3982","0,87%"
"11.09.2015","2,3775","2,3773","2,3823","2,3675","0,02%"
"10.09.2015","2,3770","2,3823","2,3975","2,3770","-0,83%"
"09.09.2015","2,3970","2,3775","2,4025","2,3775","0,71%"
"08.09.2015","2,3800","2,3677","2,3900","2,3677","0,42%"
"07.09.2015","2,3700","2,3720","2,3725","2,3700","-0,08%"
"04.09.2015","2,3720","2,3675","2,3875","2,3615","0,19%"
"03.09.2015","2,3675","2,3670","2,3675","2,3635","0,02%"
"02.09.2015","2,3670","2,3675","2,3675","2,3670","0,08%"
"01.09.2015","2,3650","2,3645","2,3700","2,3645","-0,08%"
"31.08.2015","2,3670","2,3475","2,3675","2,3475","0,83%"
"28.08.2015","2,3475","2,3473","2,3475","2,3473","0,00%"
"27.08.2015","2,3475","2,3720","2,3923","2,3470","-1,03%"
"26.08.2015","2,3720","2,4220","2,4225","2,3575","-2,06%"
"25.08.2015","2,4220","2,3920","2,4525","2,3920","1,25%"
"24.08.2015","2,3920","2,3490","2,3975","2,3353","2,13%"
"21.08.2015","2,3420","2,3275","2,3420","2,3275","0,37%"
"20.08.2015","2,3333","2,3290","2,3335","2,3283","0,10%"
"19.08.2015","2,3310","2,3305","2,3335","2,3303","0,02%"
"18.08.2015","2,3305","2,3265","2,3305","2,3143","0,17%"
"17.08.2015","2,3265","2,3240","2,3265","2,3143","0,11%"
"14.08.2015","2,3240","2,3250","2,3255","2,3143","-0,04%"
"13.08.2015","2,3250","2,3365","2,3375","2,3143","-0,21%"
"12.08.2015","2,3300","2,2970","2,3300","2,2965","1,48%"
"11.08.2015","2,2960","2,3102","2,3102","2,2930","-0,98%"
"10.08.2015","2,3187","2,3190","2,3195","2,3035","0,33%"
"07.08.2015","2,3110","2,3055","2,3110","2,3055","-0,13%"
"06.08.2015","2,3140","2,3015","2,3163","2,3015","0,54%"
"05.08.2015","2,3015","2,2890","2,3055","2,2890","0,55%"
"04.08.2015","2,2890","2,2820","2,2915","2,2818","0,31%"
"03.08.2015","2,2820","2,2823","2,2845","2,2818","-0,01%"
"31.07.2015","2,2823","2,2850","2,2875","2,2823","-0,12%"
"30.07.2015","2,2850","2,2870","2,2875","2,2831","-0,10%"
"29.07.2015","2,2873","2,2814","2,2874","2,2794","0,67%"
"28.07.2015","2,2720","2,2585","2,2720","2,2578","0,18%"
"27.07.2015","2,2680","2,2675","2,2705","2,2673","0,02%"
"24.07.2015","2,2675","2,2670","2,2675","2,2670","0,01%"
"23.07.2015","2,2672","2,2619","2,2684","2,2619","0,23%"
"22.07.2015","2,2620","2,2630","2,2685","2,2620","-0,04%"
"21.07.2015","2,2630","2,2673","2,2840","2,2625","-0,19%"
"20.07.2015","2,2673","2,2765","2,2842","2,2670","-0,40%"
"17.07.2015","2,2765","2,2850","2,2850","2,2755","-0,37%"
"16.07.2015","2,2850","2,2830","2,2855","2,2553","0,09%"
"15.07.2015","2,2830","2,2720","2,2835","2,2633","0,48%"
"14.07.2015","2,2720","2,2635","2,2725","2,2633","0,93%"
"13.07.2015","2,2510","2,2460","2,2510","2,2428","-0,33%"
"10.07.2015","2,2585","2,2555","2,2625","2,2553","0,13%"
"09.07.2015","2,2555","2,2553","2,2555","2,2550","0,00%"
"08.07.2015","2,2554","2,2554","2,2576","2,2551","0,46%"
"07.07.2015","2,2450","2,2450","2,2450","2,2428","-0,55%"
"06.07.2015","2,2575","2,2582","2,2587","2,2572","-0,02%"
"03.07.2015","2,2580","2,2560","2,2585","2,2560","0,09%"
"02.07.2015","2,2560","2,2573","2,2575","2,2560","-0,04%"
"01.07.2015","2,2570","2,2570","2,2575","2,2570","0,00%"
"30.06.2015","2,2570","2,2585","2,2585","2,2570","0,49%"
"29.06.2015","2,2460","2,2480","2,2490","2,2450","-0,64%"
"26.06.2015","2,2605","2,2595","2,2615","2,2590","0,60%"
"25.06.2015","2,2470","2,2465","2,2470","2,2460","-0,53%"
"24.06.2015","2,2590","2,2520","2,2595","2,2520","0,31%"
"23.06.2015","2,2520","2,2520","2,2525","2,2520","0,54%"
"22.06.2015","2,2400","2,2425","2,2430","2,2395","-0,67%"
"19.06.2015","2,2550","2,2515","2,2555","2,2515","0,16%"
"18.06.2015","2,2515","2,2420","2,2525","2,2415","0,51%"
"17.06.2015","2,2400","2,2385","2,2400","2,2385","-0,04%"
"16.06.2015","2,2410","2,2370","2,2425","2,2370","0,18%"
"15.06.2015","2,2370","2,2375","2,2375","2,2370","-0,02%"
"12.06.2015","2,2375","2,2495","2,2501","2,2345","-0,53%"
"11.06.2015","2,2495","2,2290","2,2555","2,2290","0,92%"
"10.06.2015","2,2290","2,2660","2,2660","2,2290","-1,63%"
"09.06.2015","2,2660","2,2785","2,2795","2,2625","-0,55%"
"08.06.2015","2,2785","2,2940","2,2940","2,2785","-0,68%"
"05.06.2015","2,2940","2,2950","2,2955","2,2905","-0,04%"
"04.06.2015","2,2950","2,2970","2,2975","2,2945","-0,09%"
"03.06.2015","2,2970","2,3075","2,3085","2,2965","-0,46%"
"02.06.2015","2,3075","2,3050","2,3085","2,3050","0,11%"
"01.06.2015","2,3050","2,3015","2,3085","2,3015","0,15%"
"29.05.2015","2,3015","2,3020","2,3025","2,3015","-0,02%"
"28.05.2015","2,3020","2,2945","2,3025","2,2945","0,32%"
"27.05.2015","2,2947","2,2795","2,3005","2,2795","0,67%"
"26.05.2015","2,2795","2,2798","2,2805","2,2795","0,05%"
"25.05.2015","2,2784","2,2776","2,2786","2,2776","-0,05%"
"22.05.2015","2,2795","2,2745","2,2805","2,2745","0,22%"
"21.05.2015","2,2745","2,2850","2,2850","2,2295","-0,46%"
"20.05.2015","2,2850","2,3285","2,3295","2,2825","-1,72%"
"19.05.2015","2,3249","2,3504","2,3516","2,3245","-1,25%"
"18.05.2015","2,3543","2,3550","2,3605","2,3543","-0,03%"
"15.05.2015","2,3550","2,3850","2,3850","2,3545","-1,26%"
"14.05.2015","2,3850","2,3686","2,3855","2,3645","0,84%"
"13.05.2015","2,3651","2,3415","2,3655","2,3415","0,84%"
"12.05.2015","2,3455","2,3460","2,3460","2,3282","-0,02%"
"11.05.2015","2,3460","2,3365","2,3465","2,3365","0,41%"
"08.05.2015","2,3365","2,3360","2,3375","2,3360","0,02%"
"07.05.2015","2,3360","2,3300","2,3375","2,3300","0,26%"
"06.05.2015","2,3300","2,3253","2,3355","2,3245","0,20%"
"05.05.2015","2,3253","2,3215","2,3354","2,3215","0,16%"
"04.05.2015","2,3215","2,3335","2,3335","2,3195","-0,51%"
"01.05.2015","2,3335","2,3250","2,3355","2,3250","0,37%"
"30.04.2015","2,3250","2,3250","2,3355","2,3245","0,00%"
"29.04.2015","2,3250","2,3115","2,3255","2,3115","0,58%"
"28.04.2015","2,3115","2,2946","2,3155","2,2895","1,03%"
"27.04.2015","2,2880","2,2731","2,2885","2,2731","0,35%"
"24.04.2015","2,2800","2,2670","2,2905","2,2670","0,57%"
"23.04.2015","2,2670","2,2595","2,2705","2,2595","0,33%"
"22.04.2015","2,2595","2,2585","2,2625","2,2585","0,04%"
"21.04.2015","2,2585","2,2587","2,2595","2,2565","-0,01%"
"20.04.2015","2,2587","2,2585","2,2595","2,2585","0,30%"
"17.04.2015","2,2519","2,2504","2,2522","2,2502","0,03%"
"16.04.2015","2,2512","2,2478","2,2518","2,2478","-0,15%"
"15.04.2015","2,2545","2,2475","2,2555","2,2475","0,31%"
"14.04.2015","2,2475","2,2470","2,2485","2,2470","0,02%"
"13.04.2015","2,2470","2,2475","2,2475","2,2470","-0,02%"
"10.04.2015","2,2475","2,2470","2,2475","2,2470","0,02%"
"09.04.2015","2,2470","2,2475","2,2475","2,2470","-0,02%"
"08.04.2015","2,2475","2,2475","2,2485","2,2475","0,00%"
"07.04.2015","2,2475","2,2530","2,2535","2,2455","-0,24%"
"06.04.2015","2,2530","2,2625","2,2625","2,2525","-0,42%"
"03.04.2015","2,2625","2,2573","2,2635","2,2565","0,23%"
"02.04.2015","2,2573","2,2465","2,2575","2,2465","0,48%"
"01.04.2015","2,2465","2,2445","2,2505","2,2445","0,09%"
"31.03.2015","2,2445","2,2325","2,2455","2,2320","0,54%"
"30.03.2015","2,2325","2,2330","2,2355","2,2325","0,29%"
"27.03.2015","2,2260","2,2212","2,2263","2,2212","-0,11%"
"26.03.2015","2,2285","2,2250","2,2295","2,2245","0,16%"
"25.03.2015","2,2250","2,2295","2,2305","2,2245","-0,20%"
"24.03.2015","2,2295","2,2295","2,2305","2,2295","0,00%"
"23.03.2015","2,2295","2,2170","2,2305","2,2165","0,56%"
"20.03.2015","2,2170","2,2123","2,2175","2,2115","0,09%"
"19.03.2015","2,2151","2,2132","2,2237","2,2058","0,23%"
"18.03.2015","2,2100","2,1950","2,2105","2,1945","0,68%"
"17.03.2015","2,1950","2,1795","2,1955","2,1795","0,71%"
"16.03.2015","2,1795","2,1740","2,1805","2,1740","0,25%"
"13.03.2015","2,1740","2,1754","2,1755","2,1740","-0,20%"
"12.03.2015","2,1783","2,1880","2,1885","2,1775","-0,31%"
"11.03.2015","2,1850","2,1850","2,1855","2,1840","0,00%"
"10.03.2015","2,1850","2,1700","2,1855","2,1700","0,69%"
"09.03.2015","2,1700","2,1750","2,1755","2,1695","-0,23%"
"06.03.2015","2,1750","2,1448","2,1855","2,1445","1,26%"
"05.03.2015","2,1480","2,1331","2,1486","2,1326","0,85%"
"04.03.2015","2,1300","2,0945","2,1375","2,0945","1,69%"
"03.03.2015","2,0945","2,0945","2,0945","2,0945","-0,16%"
"02.03.2015","2,0978","2,1481","2,1481","2,0876","-2,34%"
"27.02.2015","2,1481","2,2474","2,2474","2,1277","-4,29%"
"26.02.2015","2,2445","2,2449","2,2455","2,2345","-0,58%"
"25.02.2015","2,2576","2,3080","2,3085","2,2575","-1,64%"
"24.02.2015","2,2953","2,1945","2,2955","2,1945","4,59%"
"23.02.2015","2,1945","2,1650","2,1955","2,1545","1,36%"
"20.02.2015","2,1650","2,1545","2,1655","2,1545","0,49%"
"19.02.2015","2,1545","2,0905","2,1655","2,0903","3,06%"
"18.02.2015","2,0905","2,0650","2,0905","2,0650","1,23%"
"17.02.2015","2,0650","2,0600","2,0705","2,0595","0,24%"
"16.02.2015","2,0600","2,0400","2,0605","2,0395","0,98%"
"13.02.2015","2,0400","2,0300","2,0405","2,0295","0,60%"
"12.02.2015","2,0279","2,0482","2,0482","2,0272","-0,26%"
"11.02.2015","2,0332","2,0574","2,0583","2,0324","-1,04%"
"10.02.2015","2,0545","2,0345","2,0555","2,0345","0,98%"
"09.02.2015","2,0345","2,0295","2,0355","2,0295","0,25%"
"06.02.2015","2,0295","2,0150","2,0305","2,0145","0,72%"
"05.02.2015","2,0150","2,0045","2,0155","2,0045","0,52%"
"04.02.2015","2,0045","2,0101","2,0205","2,0045","-0,18%"
"03.02.2015","2,0082","1,9983","2,0136","1,9977","0,50%"
"02.02.2015","1,9983","2,0276","2,0280","1,9975","-1,47%"
"30.01.2015","2,0282","2,0779","2,0784","2,0278","-2,16%"
"29.01.2015","2,0730","2,0332","2,0734","2,0324","2,24%"
"28.01.2015","2,0276","2,0130","2,0286","2,0126","0,73%"
"27.01.2015","2,0130","2,0030","2,0139","1,9979","0,50%"
"26.01.2015","2,0029","1,9981","2,0033","1,9973","-0,24%"
"23.01.2015","2,0078","2,0078","2,0282","2,0021","0,51%"
"22.01.2015","1,9977","1,9694","1,9984","1,9694","1,66%"
"21.01.2015","1,9651","1,9374","1,9652","1,9372","1,39%"
"20.01.2015","1,9381","1,9377","1,9382","1,9371","-0,23%"
"19.01.2015","1,9426","1,9426","1,9426","1,9426","0,00%"
"16.01.2015","1,9426","1,9434","1,9434","1,9424","-0,01%"
"15.01.2015","1,9427","1,9233","1,9434","1,9224","1,00%"
"14.01.2015","1,9234","1,9225","1,9284","1,9224","0,00%"
"13.01.2015","1,9234","1,9224","1,9234","1,9223","0,00%"
"12.01.2015","1,9234","1,9084","1,9236","1,9076","0,80%"
"09.01.2015","1,9081","1,9028","1,9087","1,9027","0,52%"
"08.01.2015","1,8982","1,8928","1,8987","1,8927","0,28%"
"07.01.2015","1,8929","1,8929","1,8929","1,8929","0,00%"
"06.01.2015","1,8929","1,8778","1,8937","1,8777","0,81%"
"05.01.2015","1,8777","1,8787","1,8787","1,8777","-0,27%"
"02.01.2015","1,8827","1,8827","1,8827","1,8827","0,00%"
"01.01.2015","1,8827","1,8827","1,8827","1,8827","0,00%"
"31.12.2014","1,8827","1,8628","1,8835","1,8625","1,31%"
"30.12.2014","1,8584","1,8480","1,8584","1,8474","0,55%"
"29.12.2014","1,8483","1,8577","1,8636","1,8476","-0,52%"
"26.12.2014","1,8580","1,8634","1,8634","1,8574","-0,28%"
"25.12.2014","1,8632","1,8777","1,8784","1,8624","-0,79%"
"24.12.2014","1,8780","1,8884","1,8887","1,8777","-0,53%"
"23.12.2014","1,8880","1,8934","1,8937","1,8877","-0,24%"
"22.12.2014","1,8926","1,8778","1,9036","1,8778","0,78%"
"19.12.2014","1,8780","1,8987","1,8989","1,8779","-1,05%"
"18.12.2014","1,8980","1,8980","1,9132","1,8872","-0,54%"
"17.12.2014","1,9083","1,8784","1,9185","1,8776","2,15%"
"16.12.2014","1,8682","1,8406","1,8686","1,8396","0,97%"
"15.12.2014","1,8502","1,8079","1,8502","1,8072","2,32%"
"12.12.2014","1,8083","1,8483","1,8535","1,8075","-2,14%"
"11.12.2014","1,8478","1,8485","1,8487","1,8477","0,00%"
"10.12.2014","1,8478","1,8877","1,8882","1,8372","-2,12%"
"09.12.2014","1,8879","1,9174","1,9382","1,8872","-1,57%"
"08.12.2014","1,9180","1,9075","1,9181","1,8771","-1,03%"
"05.12.2014","1,9379","1,9206","1,9381","1,9201","1,03%"
"04.12.2014","1,9182","1,8844","1,9186","1,8844","2,07%"
"03.12.2014","1,8793","1,8696","1,8795","1,8695","0,62%"
"02.12.2014","1,8678","1,8475","1,8688","1,8468","1,30%"
"01.12.2014","1,8438","1,8338","1,8446","1,8336","0,46%"
"28.11.2014","1,8353","1,8299","1,8357","1,8297","0,23%"
"27.11.2014","1,8310","1,8266","1,8317","1,8258","0,21%"
"26.11.2014","1,8271","1,8236","1,8301","1,8231","0,04%"
"25.11.2014","1,8264","1,8154","1,8264","1,8085","0,48%"
"24.11.2014","1,8177","1,8020","1,8263","1,8014","1,16%"
"21.11.2014","1,7969","1,7873","1,8005","1,7864","0,64%"
"20.11.2014","1,7854","1,7731","1,7855","1,7725","0,86%"
"19.11.2014","1,7702","1,7628","1,7706","1,7626","0,40%"
"18.11.2014","1,7632","1,7600","1,7636","1,7596","0,20%"
"17.11.2014","1,7596","1,7603","1,7605","1,7575","-0,02%"
"14.11.2014","1,7599","1,7611","1,7618","1,7598","-0,06%"
"13.11.2014","1,7610","1,7618","1,7619","1,7609","0,01%"
"12.11.2014","1,7608","1,7569","1,7612","1,7562","0,20%"
"11.11.2014","1,7572","1,7549","1,7574","1,7545","0,11%"
"10.11.2014","1,7552","1,7536","1,7555","1,7535","0,05%"
"07.11.2014","1,7544","1,7522","1,7546","1,7516","0,12%"
"06.11.2014","1,7523","1,7505","1,7525","1,7505","0,06%"
"05.11.2014","1,7513","1,7473","1,7516","1,7456","0,13%"
"04.11.2014","1,7490","1,7507","1,7508","1,7488","0,04%"
"03.11.2014","1,7483","1,7504","1,7507","1,7477","-0,09%"
"31.10.2014","1,7499","1,7520","1,7523","1,7493","-0,11%"
"30.10.2014","1,7519","1,7509","1,7526","1,7506","0,07%"
"29.10.2014","1,7507","1,7533","1,7535","1,7506","-0,13%"
"28.10.2014","1,7530","1,7532","1,7535","1,7526","0,00%"
"27.10.2014","1,7530","1,7508","1,7532","1,7503","0,12%"
"24.10.2014","1,7509","1,7499","1,7516","1,7496","0,04%"
"23.10.2014","1,7502","1,7486","1,7504","1,7484","0,07%"
"22.10.2014","1,7490","1,7487","1,7493","1,7484","-0,02%"
"21.10.2014","1,7493","1,7494","1,7496","1,7486","0,02%"
"20.10.2014","1,7490","1,7497","1,7507","1,7487","-0,06%"
"17.10.2014","1,7501","1,7489","1,7503","1,7483","0,06%"
"16.10.2014","1,7490","1,7520","1,7526","1,7486","-0,17%"
"15.10.2014","1,7519","1,7523","1,7526","1,7515","0,00%"
"14.10.2014","1,7519","1,7519","1,7519","1,7519","0,00%"
"13.10.2014","1,7519","1,7521","1,7529","1,7519","0,00%"
"10.10.2014","1,7519","1,7525","1,7529","1,7519","0,05%"
"09.10.2014","1,7510","1,7516","1,7518","1,7508","0,00%"
"08.10.2014","1,7510","1,7506","1,7511","1,7501","-0,01%"
"07.10.2014","1,7512","1,7510","1,7517","1,7508","0,01%"
"06.10.2014","1,7510","1,7539","1,7545","1,7505","-0,17%"
"03.10.2014","1,7540","1,7536","1,7545","1,7458","0,00%"
"02.10.2014","1,7540","1,7532","1,7548","1,7528","0,06%"
"01.10.2014","1,7529","1,7493","1,7535","1,7459","0,22%"
"30.09.2014","1,7491","1,7490","1,7493","1,7456","-0,01%"
"29.09.2014","1,7493","1,7461","1,7494","1,7454","0,09%"
"26.09.2014","1,7477","1,7513","1,7513","1,7473","-0,14%"
"25.09.2014","1,7502","1,7514","1,7548","1,7472","0,01%"
"24.09.2014","1,7501","1,7469","1,7503","1,7463","0,18%"
"23.09.2014","1,7469","1,7451","1,7473","1,7443","0,02%"
"22.09.2014","1,7465","1,7445","1,7471","1,7441","0,09%"
"19.09.2014","1,7449","1,7471","1,7476","1,7446","-0,12%"
"18.09.2014","1,7470","1,7424","1,7479","1,7419","0,29%"
"17.09.2014","1,7419","1,7386","1,7425","1,7385","0,09%"
"16.09.2014","1,7404","1,7357","1,7404","1,7329","-0,02%"
"15.09.2014","1,7407","1,7299","1,7407","1,7282","0,20%"
"12.09.2014","1,7373","1,7299","1,7373","1,7258","0,09%"
"11.09.2014","1,7357","1,7385","1,7386","1,7356","-0,28%"
"10.09.2014","1,7406","1,7351","1,7406","1,7350","0,00%"
"09.09.2014","1,7406","1,7376","1,7406","1,7351","0,02%"
"08.09.2014","1,7402","1,7407","1,7429","1,7394","-0,10%"
"05.09.2014","1,7420","1,7445","1,7458","1,7418","-0,11%"
"04.09.2014","1,7440","1,7386","1,7445","1,7386","0,35%"
"03.09.2014","1,7380","1,7329","1,7387","1,7327","0,36%"
"02.09.2014","1,7317","1,7312","1,7350","1,7310","0,09%"
"01.09.2014","1,7302","1,7302","1,7305","1,7294","-0,05%"
"29.08.2014","1,7310","1,7309","1,7314","1,7304","-0,02%"
"28.08.2014","1,7313","1,7313","1,7313","1,7313","0,00%"
"27.08.2014","1,7313","1,7285","1,7315","1,7285","0,21%"
"26.08.2014","1,7277","1,7229","1,7286","1,7226","0,29%"
"25.08.2014","1,7227","1,7230","1,7236","1,7227","-0,03%"
"22.08.2014","1,7232","1,7238","1,7240","1,7220","-0,05%"
"21.08.2014","1,7240","1,7256","1,7257","1,7237","-0,05%"
"20.08.2014","1,7249","1,7250","1,7267","1,7247","-0,03%"
"19.08.2014","1,7255","1,7222","1,7255","1,7215","0,20%"
"18.08.2014","1,7220","1,7233","1,7237","1,7216","-0,05%"
"15.08.2014","1,7228","1,7235","1,7255","1,7225","-0,02%"
"14.08.2014","1,7231","1,7266","1,7267","1,7227","-0,16%"
"13.08.2014","1,7259","1,7273","1,7287","1,7257","-0,06%"
"12.08.2014","1,7269","1,7261","1,7273","1,7253","0,02%"
"11.08.2014","1,7265","1,7238","1,7266","1,7226","0,08%"
"08.08.2014","1,7252","1,7233","1,7252","1,7222","0,02%"
"07.08.2014","1,7248","1,7257","1,7264","1,7244","-0,09%"
"06.08.2014","1,7264","1,7249","1,7264","1,7244","-0,04%"
"05.08.2014","1,7271","1,7268","1,7332","1,7243","-0,01%"
"04.08.2014","1,7272","1,7312","1,7323","1,7263","0,04%"
"01.08.2014","1,7265","1,7268","1,7363","1,7263","0,26%"
"31.07.2014","1,7220","1,7384","1,7389","1,7218","-0,81%"
"30.07.2014","1,7361","1,7382","1,7382","1,7352","-0,11%"
"29.07.2014","1,7380","1,7431","1,7444","1,7374","-0,29%"
"28.07.2014","1,7430","1,7436","1,7441","1,7422","-0,47%"
"25.07.2014","1,7513","1,7533","1,7534","1,7505","-0,11%"
"24.07.2014","1,7532","1,7471","1,7535","1,7465","0,36%"
"23.07.2014","1,7469","1,7473","1,7478","1,7469","-0,02%"
"22.07.2014","1,7472","1,7469","1,7476","1,7467","-0,04%"
"21.07.2014","1,7479","1,7500","1,7504","1,7473","-0,12%"
"18.07.2014","1,7500","1,7500","1,7502","1,7492","-0,24%"
"17.07.2014","1,7542","1,7542","1,7547","1,7536","0,00%"
"16.07.2014","1,7542","1,7563","1,7563","1,7537","-0,10%"
"15.07.2014","1,7559","1,7559","1,7565","1,7557","-0,37%"
"14.07.2014","1,7624","1,7572","1,7624","1,7494","-0,02%"
"11.07.2014","1,7628","1,7635","1,7637","1,7608","-0,14%"
"10.07.2014","1,7653","1,7653","1,7653","1,7653","0,00%"
"09.07.2014","1,7653","1,7653","1,7653","1,7653","0,00%"
"08.07.2014","1,7653","1,7652","1,7653","1,7646","0,02%"
"07.07.2014","1,7650","1,7664","1,7670","1,7650","-0,05%"
"04.07.2014","1,7658","1,7658","1,7666","1,7656","0,01%"
"03.07.2014","1,7657","1,7655","1,7663","1,7653","-0,03%"
"02.07.2014","1,7662","1,7628","1,7664","1,7624","0,32%"
"01.07.2014","1,7606","1,7607","1,7616","1,7606","-0,22%"
"30.06.2014","1,7645","1,7651","1,7656","1,7645","-0,02%"
"27.06.2014","1,7649","1,7660","1,7662","1,7642","-0,12%"
"26.06.2014","1,7670","1,7687","1,7689","1,7669","0,02%"
"25.06.2014","1,7666","1,7666","1,7666","1,7666","0,00%"
"24.06.2014","1,7666","1,7643","1,7666","1,7628","-0,07%"
"23.06.2014","1,7678","1,7674","1,7683","1,7673","-0,02%"
"20.06.2014","1,7681","1,7681","1,7681","1,7681","0,00%"
"19.06.2014","1,7681","1,7676","1,7681","1,7676","0,25%"
"18.06.2014","1,7637","1,7700","1,7727","1,7637","-0,14%"
"17.06.2014","1,7662","1,7662","1,7662","1,7662","0,00%"
"16.06.2014","1,7662","1,7673","1,7677","1,7658","-0,04%"
"13.06.2014","1,7669","1,7680","1,7686","1,7666","-0,12%"
"12.06.2014","1,7691","1,7631","1,7695","1,7629","0,34%"
"11.06.2014","1,7631","1,7611","1,7639","1,7609","0,07%"
"10.06.2014","1,7618","1,7570","1,7627","1,7567","0,27%"
"09.06.2014","1,7571","1,7675","1,7675","1,7563","-0,49%"
"06.06.2014","1,7658","1,7698","1,7706","1,7626","-0,23%"
"05.06.2014","1,7698","1,7700","1,7708","1,7698","-0,02%"
"04.06.2014","1,7701","1,7701","1,7707","1,7697","0,02%"
"03.06.2014","1,7698","1,7697","1,7704","1,7694","-0,01%"
"02.06.2014","1,7700","1,7700","1,7706","1,7696","-0,01%"
"30.05.2014","1,7702","1,7696","1,7704","1,7694","0,03%"
"29.05.2014","1,7697","1,7697","1,7706","1,7696","-0,03%"
"28.05.2014","1,7702","1,7698","1,7704","1,7694","0,02%"
"27.05.2014","1,7698","1,7650","1,7704","1,7644","0,22%"
"26.05.2014","1,7660","1,7660","1,7660","1,7660","0,00%"
"23.05.2014","1,7660","1,7632","1,7672","1,7622","0,23%"
"22.05.2014","1,7620","1,7577","1,7620","1,7571","0,24%"
"21.05.2014","1,7578","1,7502","1,7584","1,7494","0,44%"
"20.05.2014","1,7501","1,7495","1,7509","1,7489","0,05%"
"19.05.2014","1,7492","1,7493","1,7497","1,7488","0,01%"
"16.05.2014","1,7490","1,7534","1,7536","1,7486","-0,22%"
"15.05.2014","1,7528","1,7559","1,7568","1,7528","-0,19%"
"14.05.2014","1,7561","1,7580","1,7586","1,7555","-0,12%"
"13.05.2014","1,7582","1,7602","1,7603","1,7573","-0,09%"
"12.05.2014","1,7598","1,7598","1,7598","1,7598","0,00%"
"09.05.2014","1,7598","1,7605","1,7608","1,7598","-0,02%"
"08.05.2014","1,7601","1,7588","1,7601","1,7582","0,07%"
"07.05.2014","1,7588","1,7588","1,7596","1,7586","-0,01%"
"06.05.2014","1,7590","1,7584","1,7590","1,7514","-0,01%"
"05.05.2014","1,7591","1,7602","1,7607","1,7587","-0,05%"
"02.05.2014","1,7599","1,7614","1,7622","1,7593","-0,13%"
"01.05.2014","1,7622","1,7664","1,7664","1,7614","-0,20%"
"30.04.2014","1,7658","1,7681","1,7687","1,7656","-0,11%"
"29.04.2014","1,7677","1,7659","1,7686","1,7656","0,10%"
"28.04.2014","1,7660","1,7641","1,7664","1,7634","0,11%"
"25.04.2014","1,7640","1,7577","1,7645","1,7575","0,33%"
"24.04.2014","1,7582","1,7546","1,7586","1,7536","0,25%"
"23.04.2014","1,7538","1,7525","1,7544","1,7524","0,05%"
"22.04.2014","1,7530","1,7515","1,7531","1,7511","0,05%"
"21.04.2014","1,7521","1,7521","1,7521","1,7521","0,00%"
"18.04.2014","1,7521","1,7523","1,7527","1,7517","0,02%"
"17.04.2014","1,7518","1,7522","1,7527","1,7517","-0,02%"
"16.04.2014","1,7521","1,7499","1,7522","1,7492","0,11%"
"15.04.2014","1,7502","1,7494","1,7504","1,7494","-0,01%"
"14.04.2014","1,7503","1,7487","1,7505","1,7485","0,07%"
"11.04.2014","1,7490","1,7469","1,7491","1,7462","0,14%"
"10.04.2014","1,7466","1,7455","1,7475","1,7455","0,04%"
"09.04.2014","1,7459","1,7463","1,7463","1,7453","-0,03%"
"08.04.2014","1,7464","1,7459","1,7464","1,7453","0,05%"
"07.04.2014","1,7456","1,7455","1,7465","1,7455","-0,03%"
"04.04.2014","1,7461","1,7481","1,7487","1,7457","-0,10%"
"03.04.2014","1,7478","1,7478","1,7482","1,7472","-0,02%"
"02.04.2014","1,7481","1,7446","1,7503","1,7443","0,17%"
"01.04.2014","1,7452","1,7430","1,7455","1,7425","0,15%"
"31.03.2014","1,7426","1,7447","1,7455","1,7426","-0,18%"
"28.03.2014","1,7458","1,7525","1,7527","1,7458","-0,31%"
"27.03.2014","1,7512","1,7492","1,7514","1,7485","0,13%"
"26.03.2014","1,7490","1,7435","1,7495","1,7435","0,29%"
"25.03.2014","1,7440","1,7444","1,7445","1,7435","0,01%"
"24.03.2014","1,7439","1,7434","1,7444","1,7414","0,00%"
"21.03.2014","1,7439","1,7393","1,7446","1,7386","0,30%"
"20.03.2014","1,7386","1,7354","1,7405","1,7345","0,20%"
"19.03.2014","1,7351","1,7306","1,7356","1,7296","0,27%"
"18.03.2014","1,7305","1,7231","1,7306","1,7226","0,38%"
"17.03.2014","1,7239","1,7223","1,7246","1,7216","0,09%"
"14.03.2014","1,7224","1,7281","1,7284","1,7214","-0,31%"
"13.03.2014","1,7277","1,7338","1,7345","1,7275","-0,31%"
"12.03.2014","1,7330","1,7337","1,7347","1,7327","-0,13%"
"11.03.2014","1,7353","1,7349","1,7356","1,7346","0,02%"
"10.03.2014","1,7350","1,7349","1,7359","1,7349","0,01%"
"07.03.2014","1,7349","1,7355","1,7358","1,7348","-0,01%"
"06.03.2014","1,7351","1,7351","1,7355","1,7345","0,00%"
"05.03.2014","1,7351","1,7390","1,7399","1,7349","-0,21%"
"04.03.2014","1,7387","1,7397","1,7406","1,7386","-0,08%"
"03.03.2014","1,7401","1,7401","1,7401","1,7401","0,00%"
"28.02.2014","1,7401","1,7412","1,7412","1,7393","-0,04%"
"27.02.2014","1,7408","1,7419","1,7448","1,7408","-0,01%"
"26.02.2014","1,7409","1,7409","1,7416","1,7407","0,01%"
"25.02.2014","1,7408","1,7369","1,7413","1,7364","0,21%"
"24.02.2014","1,7371","1,7373","1,7377","1,7367","-0,01%"
"21.02.2014","1,7372","1,7346","1,7395","1,7335","0,18%"
"20.02.2014","1,7341","1,7259","1,7348","1,7258","0,48%"
"19.02.2014","1,7258","1,7287","1,7307","1,7258","-0,13%"
"18.02.2014","1,7281","1,7255","1,7389","1,7248","0,19%"
"17.02.2014","1,7248","1,7250","1,7358","1,7248","-0,03%"
"14.02.2014","1,7254","1,7228","1,7315","1,7225","0,16%"
"13.02.2014","1,7227","1,7309","1,7320","1,7224","-0,13%"
"12.02.2014","1,7250","1,7431","1,7431","1,7246","-1,04%"
"11.02.2014","1,7432","1,7435","1,7436","1,7427","0,01%"
"10.02.2014","1,7430","1,7528","1,7563","1,7427","-0,76%"
"07.02.2014","1,7563","1,7552","1,7649","1,7496","-0,51%"
"06.02.2014","1,7653","1,7609","1,7653","1,7441","-0,28%"
"05.02.2014","1,7703","1,7758","1,7760","1,7601","-0,60%"
"04.02.2014","1,7810","1,7753","1,7810","1,7750","-0,01%"
"03.02.2014","1,7812","1,7819","1,7879","1,7807","0,00%"
"31.01.2014","1,7812","1,7797","1,7878","1,7797","-0,04%"
"30.01.2014","1,7819","1,7747","1,7819","1,7740","0,00%"
"29.01.2014","1,7819","1,7748","1,7819","1,7740","0,10%"
"28.01.2014","1,7802","1,7802","1,7854","1,7795","0,02%"
"27.01.2014","1,7799","1,7866","1,7866","1,7797","-0,50%"
"24.01.2014","1,7889","1,7895","1,7896","1,7815","-0,02%"
"23.01.2014","1,7892","1,7814","1,7897","1,7807","0,42%"
"22.01.2014","1,7817","1,7655","1,7817","1,7650","0,49%"
"21.01.2014","1,7731","1,7736","1,7838","1,7726","0,02%"
"20.01.2014","1,7728","1,7734","1,7779","1,7725","-0,05%"
"17.01.2014","1,7736","1,7736","1,7736","1,7736","0,33%"
"16.01.2014","1,7678","1,7656","1,7678","1,7650","0,60%"
"15.01.2014","1,7572","1,7572","1,7572","1,7572","0,42%"
"14.01.2014","1,7498","1,7587","1,7587","1,7498","-0,01%"
"13.01.2014","1,7500","1,7490","1,7528","1,7483","0,07%"
"10.01.2014","1,7487","1,7471","1,7505","1,7424","0,09%"
"09.01.2014","1,7472","1,7473","1,7477","1,7466","0,29%"
"08.01.2014","1,7421","1,7421","1,7421","1,7421","-0,28%"
"07.01.2014","1,7470","1,7470","1,7470","1,7470","0,00%"
"06.01.2014","1,7470","1,7343","1,7516","1,7341","0,68%"
"03.01.2014","1,7352","1,7349","1,7437","1,7348","-0,01%"
"02.01.2014","1,7353","1,7350","1,7354","1,7345","0,02%"
"01.01.2014","1,7350","1,7348","1,7351","1,7342","-0,01%"
"31.12.2013","1,7351","1,7348","1,7420","1,7345","0,02%"
"30.12.2013","1,7347","1,7351","1,7417","1,7345","-0,02%"
"27.12.2013","1,7351","1,7364","1,7433","1,7347","0,38%"
"26.12.2013","1,7286","1,7286","1,7286","1,7286","0,34%"
"25.12.2013","1,7228","1,7228","1,7228","1,7228","0,00%"
"24.12.2013","1,7228","1,7159","1,7228","1,7150","0,11%"
"23.12.2013","1,7209","1,7153","1,7223","1,7147","0,34%"
"20.12.2013","1,7151","1,7130","1,7223","1,7125","0,14%"
"19.12.2013","1,7127","1,7086","1,7167","1,7084","0,20%"
"18.12.2013","1,7092","1,7040","1,7143","1,7036","0,30%"
"17.12.2013","1,7041","1,7006","1,7109","1,6997","0,24%"
"16.12.2013","1,7000","1,7144","1,7144","1,6999","-0,61%"
"13.12.2013","1,7104","1,7116","1,7144","1,7094","-0,11%"
"12.12.2013","1,7123","1,7123","1,7123","1,7123","0,01%"
"11.12.2013","1,7122","1,7122","1,7122","1,7122","-0,43%"
"10.12.2013","1,7196","1,7196","1,7196","1,7196","0,79%"
"09.12.2013","1,7062","1,7062","1,7062","1,7062","0,12%"
"06.12.2013","1,7041","1,7014","1,7066","1,7014","0,10%"
"05.12.2013","1,7024","1,7019","1,7107","1,6956","-0,07%"
"04.12.2013","1,7036","1,7014","1,7155","1,7005","0,25%"
"03.12.2013","1,6993","1,7004","1,7006","1,6946","-0,05%"
"02.12.2013","1,7001","1,6951","1,7023","1,6946","0,30%"
"29.11.2013","1,6950","1,6893","1,6970","1,6890","0,32%"
"28.11.2013","1,6896","1,6970","1,6970","1,6873","0,11%"
"27.11.2013","1,6878","1,6813","1,6878","1,6810","0,05%"
"26.11.2013","1,6869","1,6871","1,6926","1,6867","0,00%"
"25.11.2013","1,6869","1,6823","1,6915","1,6816","0,30%"
"22.11.2013","1,6818","1,6776","1,6877","1,6776","0,24%"
"21.11.2013","1,6778","1,6758","1,6811","1,6753","0,11%"
"20.11.2013","1,6759","1,6752","1,6804","1,6752","0,01%"
"19.11.2013","1,6758","1,6764","1,6805","1,6754","-0,01%"
"18.11.2013","1,6760","1,6759","1,6809","1,6752","0,01%"
"15.11.2013","1,6759","1,6760","1,6818","1,6754","0,00%"
"14.11.2013","1,6759","1,6772","1,6820","1,6757","-0,07%"
"13.11.2013","1,6770","1,6776","1,6831","1,6763","-0,08%"
"12.11.2013","1,6783","1,6846","1,6857","1,6777","-0,34%"
"11.11.2013","1,6841","1,6798","1,6845","1,6793","0,25%"
"08.11.2013","1,6799","1,6795","1,6845","1,6788","0,04%"
"07.11.2013","1,6793","1,6731","1,6793","1,6730","0,06%"
"06.11.2013","1,6783","1,6725","1,6783","1,6723","0,29%"
"05.11.2013","1,6734","1,6721","1,6761","1,6715","0,08%"
"04.11.2013","1,6720","1,6711","1,6764","1,6709","0,05%"
"01.11.2013","1,6711","1,6715","1,6764","1,6705","0,01%"
"31.10.2013","1,6710","1,6715","1,6769","1,6709","-0,02%"
"30.10.2013","1,6713","1,6685","1,6751","1,6684","0,14%"
"29.10.2013","1,6690","1,6685","1,6734","1,6684","-0,01%"
"28.10.2013","1,6692","1,6683","1,6719","1,6675","0,05%"
"25.10.2013","1,6683","1,6679","1,6723","1,6675","0,01%"
"24.10.2013","1,6682","1,6682","1,6682","1,6682","0,01%"
"23.10.2013","1,6680","1,6667","1,6719","1,6659","0,12%"
"22.10.2013","1,6660","1,6649","1,6698","1,6649","0,06%"
"21.10.2013","1,6650","1,6639","1,6677","1,6631","0,04%"
"18.10.2013","1,6643","1,6640","1,6681","1,6636","0,02%"
"17.10.2013","1,6639","1,6637","1,6683","1,6623","-0,01%"
"16.10.2013","1,6640","1,6641","1,6700","1,6639","0,01%"
"15.10.2013","1,6638","1,6643","1,6720","1,6633","-0,01%"
"14.10.2013","1,6640","1,6636","1,6643","1,6633","-0,01%"
"11.10.2013","1,6642","1,6632","1,6726","1,6624","0,08%"
"10.10.2013","1,6629","1,6633","1,6681","1,6625","0,04%"
"09.10.2013","1,6622","1,6582","1,6622","1,6580","-0,05%"
"08.10.2013","1,6631","1,6610","1,6679","1,6608","0,08%"
"07.10.2013","1,6618","1,6623","1,6673","1,6616","-0,02%"
"04.10.2013","1,6621","1,6630","1,6674","1,6614","-0,05%"
"03.10.2013","1,6629","1,6579","1,6629","1,6570","0,04%"
"02.10.2013","1,6623","1,6579","1,6623","1,6570","-0,05%"
"01.10.2013","1,6631","1,6637","1,6677","1,6627","0,01%"
"30.09.2013","1,6630","1,6630","1,6692","1,6624","-0,01%"
"27.09.2013","1,6632","1,6614","1,6698","1,6614","0,07%"
"26.09.2013","1,6621","1,6643","1,6670","1,6611","-0,16%"
"25.09.2013","1,6647","1,6651","1,6731","1,6643","-0,04%"
"24.09.2013","1,6654","1,6597","1,6738","1,6597","-0,16%"
"23.09.2013","1,6681","1,6543","1,6681","1,6540","0,48%"
"20.09.2013","1,6601","1,6573","1,6684","1,6566","0,22%"
"19.09.2013","1,6565","1,6565","1,6565","1,6565","-0,03%"
"18.09.2013","1,6570","1,6566","1,6574","1,6564","-0,01%"
"17.09.2013","1,6572","1,6569","1,6698","1,6568","0,00%"
"16.09.2013","1,6572","1,6572","1,6640","1,6564","0,01%"
"13.09.2013","1,6570","1,6597","1,6620","1,6566","-0,17%"
"12.09.2013","1,6599","1,6603","1,6650","1,6595","-0,01%"
"11.09.2013","1,6601","1,6603","1,6663","1,6596","0,02%"
"10.09.2013","1,6598","1,6621","1,6663","1,6593","-0,11%"
"09.09.2013","1,6616","1,6620","1,6671","1,6616","-0,05%"
"06.09.2013","1,6625","1,6567","1,6625","1,6560","0,03%"
"05.09.2013","1,6620","1,6625","1,6669","1,6618","0,02%"
"04.09.2013","1,6616","1,6621","1,6666","1,6615","-0,02%"
"03.09.2013","1,6620","1,6596","1,6663","1,6591","0,10%"
"02.09.2013","1,6603","1,6604","1,6666","1,6596","0,01%"
"30.08.2013","1,6602","1,6625","1,6668","1,6593","-0,16%"
"29.08.2013","1,6629","1,6617","1,6665","1,6611","0,05%"
"28.08.2013","1,6620","1,6618","1,6626","1,6616","0,01%"
"27.08.2013","1,6619","1,6618","1,6669","1,6615","-0,01%"
"26.08.2013","1,6620","1,6602","1,6664","1,6591","0,11%"
"23.08.2013","1,6601","1,6613","1,6666","1,6591","-0,13%"
"22.08.2013","1,6623","1,6623","1,6663","1,6614","0,03%"
"21.08.2013","1,6618","1,6601","1,6659","1,6596","0,10%"
"20.08.2013","1,6601","1,6599","1,6658","1,6598","0,01%"
"19.08.2013","1,6600","1,6622","1,6657","1,6595","-0,13%"
"16.08.2013","1,6622","1,6597","1,6671","1,6594","0,13%"
"15.08.2013","1,6601","1,6625","1,6699","1,6596","-0,11%"
"14.08.2013","1,6620","1,6575","1,6696","1,6571","0,25%"
"13.08.2013","1,6578","1,6579","1,6644","1,6576","-0,01%"
"12.08.2013","1,6579","1,6574","1,6644","1,6574","-0,01%"
"09.08.2013","1,6580","1,6626","1,6658","1,6578","-0,23%"
"08.08.2013","1,6619","1,6565","1,6619","1,6560","-0,02%"
"07.08.2013","1,6622","1,6634","1,6679","1,6615","-0,29%"
"06.08.2013","1,6670","1,6576","1,6670","1,6570","0,20%"
"05.08.2013","1,6637","1,6641","1,6751","1,6614","-0,05%"
"02.08.2013","1,6646","1,6563","1,6722","1,6554","0,63%"
"01.08.2013","1,6541","1,6549","1,6610","1,6532","-0,04%"
"31.07.2013","1,6547","1,6554","1,6590","1,6545","0,00%"
"30.07.2013","1,6547","1,6549","1,6597","1,6547","-0,02%"
"29.07.2013","1,6551","1,6557","1,6599","1,6547","0,02%"
"26.07.2013","1,6547","1,6560","1,6599","1,6542","-0,09%"
"25.07.2013","1,6562","1,6539","1,6601","1,6539","-0,02%"
"24.07.2013","1,6565","1,6481","1,6565","1,6481","-0,01%"
"23.07.2013","1,6566","1,6481","1,6566","1,6480","0,14%"
"22.07.2013","1,6543","1,6546","1,6588","1,6536","0,01%"
"19.07.2013","1,6541","1,6555","1,6614","1,6538","-0,06%"
"18.07.2013","1,6551","1,6543","1,6612","1,6524","0,07%"
"17.07.2013","1,6540","1,6539","1,6587","1,6531","0,01%"
"16.07.2013","1,6539","1,6564","1,6598","1,6536","-0,11%"
"15.07.2013","1,6557","1,6557","1,6597","1,6554","0,00%"
"12.07.2013","1,6557","1,6580","1,6616","1,6556","-0,11%"
"11.07.2013","1,6576","1,6576","1,6616","1,6564","-0,03%"
"10.07.2013","1,6581","1,6578","1,6616","1,6575","0,01%"
"09.07.2013","1,6579","1,6558","1,6609","1,6552","0,11%"
"08.07.2013","1,6561","1,6556","1,6607","1,6554","0,07%"
"05.07.2013","1,6549","1,6509","1,6549","1,6500","-0,05%"
"04.07.2013","1,6558","1,6565","1,6604","1,6557","-0,01%"
"03.07.2013","1,6560","1,6559","1,6595","1,6554","0,02%"
"02.07.2013","1,6557","1,6565","1,6596","1,6556","-0,02%"
"01.07.2013","1,6560","1,6507","1,6615","1,6506","0,31%"
"28.06.2013","1,6509","1,6540","1,6566","1,6507","-0,19%"
"27.06.2013","1,6541","1,6520","1,6570","1,6515","0,08%"
"26.06.2013","1,6528","1,6534","1,6577","1,6527","-0,14%"
"25.06.2013","1,6551","1,6513","1,6553","1,6503","0,18%"
"24.06.2013","1,6522","1,6432","1,6522","1,6432","-0,18%"
"21.06.2013","1,6552","1,6552","1,6552","1,6552","-0,01%"
"20.06.2013","1,6553","1,6431","1,6553","1,6431","0,46%"
"19.06.2013","1,6478","1,6434","1,6478","1,6430","-0,22%"
"18.06.2013","1,6514","1,6487","1,6626","1,6485","0,08%"
"17.06.2013","1,6500","1,6553","1,6641","1,6475","-0,16%"
"14.06.2013","1,6527","1,6466","1,6527","1,6460","-0,24%"
"13.06.2013","1,6567","1,6672","1,6672","1,6566","0,01%"
"12.06.2013","1,6565","1,6449","1,6565","1,6440","-0,04%"
"11.06.2013","1,6571","1,6492","1,6571","1,6440","0,00%"
"10.06.2013","1,6571","1,6627","1,6627","1,6490","-0,94%"
"07.06.2013","1,6729","1,6690","1,6739","1,6690","0,28%"
"06.06.2013","1,6683","1,6589","1,6683","1,6585","0,19%"
"05.06.2013","1,6651","1,6557","1,6651","1,6550","-0,05%"
"04.06.2013","1,6660","1,6534","1,6695","1,6529","1,00%"
"03.06.2013","1,6495","1,6368","1,6495","1,6361","1,56%"
"31.05.2013","1,6242","1,6364","1,6370","1,6242","0,01%"
"30.05.2013","1,6240","1,6318","1,6411","1,6240","-0,04%"
"29.05.2013","1,6247","1,6318","1,6418","1,6247","0,00%"
"28.05.2013","1,6247","1,6318","1,6419","1,6247","0,30%"
"27.05.2013","1,6198","1,6300","1,6351","1,6198","0,12%"
"24.05.2013","1,6178","1,6198","1,6350","1,6178","-1,04%"
"23.05.2013","1,6348","1,6291","1,6348","1,6290","1,24%"
"22.05.2013","1,6148","1,6295","1,6360","1,6148","-0,17%"
"21.05.2013","1,6176","1,6259","1,6361","1,6176","0,17%"
"20.05.2013","1,6148","1,6280","1,6354","1,6148","-0,12%"
"17.05.2013","1,6168","1,6330","1,6360","1,6168","0,00%"
"16.05.2013","1,6168","1,6347","1,6386","1,6168","-0,25%"
"15.05.2013","1,6208","1,6347","1,6390","1,6208","-0,18%"
"14.05.2013","1,6237","1,6394","1,6414","1,6237","-0,06%"
"13.05.2013","1,6247","1,6372","1,6413","1,6247","-1,10%"
"10.05.2013","1,6427","1,6307","1,6500","1,6307","-0,01%"
"09.05.2013","1,6429","1,6429","1,6429","1,6429","0,00%"
"08.05.2013","1,6429","1,6490","1,6505","1,6425","-0,24%"
"07.05.2013","1,6468","1,6447","1,6468","1,6432","0,86%"
"06.05.2013","1,6327","1,6327","1,6327","1,6327","0,00%"
"03.05.2013","1,6327","1,6327","1,6327","1,6327","-1,04%"
"02.05.2013","1,6499","1,6510","1,6540","1,6496","-0,05%"
"01.05.2013","1,6508","1,6512","1,6547","1,6398","0,00%"
"30.04.2013","1,6508","1,6520","1,6573","1,6507","-0,08%"
"29.04.2013","1,6522","1,6523","1,6564","1,6516","0,02%"
"26.04.2013","1,6519","1,6390","1,6549","1,6389","0,01%"
"25.04.2013","1,6517","1,6581","1,6581","1,6517","-0,37%"
"24.04.2013","1,6579","1,6563","1,6631","1,6439","0,04%"
"23.04.2013","1,6572","1,6545","1,6629","1,6471","0,13%"
"22.04.2013","1,6550","1,6620","1,6620","1,6545","-0,01%"
"19.04.2013","1,6552","1,6554","1,6624","1,6547","0,00%"
"18.04.2013","1,6552","1,6573","1,6628","1,6425","-0,08%"
"17.04.2013","1,6566","1,6568","1,6624","1,6450","-0,04%"
"16.04.2013","1,6572","1,6537","1,6593","1,6448","0,21%"
"15.04.2013","1,6538","1,6544","1,6576","1,6534","-0,07%"
"12.04.2013","1,6549","1,6513","1,6595","1,6454","0,26%"
"11.04.2013","1,6506","1,6512","1,6573","1,6495","1,13%"
"10.04.2013","1,6322","1,6454","1,6498","1,6322","-1,11%"
"09.04.2013","1,6506","1,6512","1,6515","1,6506","-0,01%"
"08.04.2013","1,6507","1,6520","1,6566","1,6492","-0,08%"
"05.04.2013","1,6521","1,6539","1,6567","1,6513","-0,10%"
"04.04.2013","1,6538","1,6548","1,6612","1,6419","-0,04%"
"03.04.2013","1,6545","1,6547","1,6612","1,6535","1,03%"
"02.04.2013","1,6376","1,6496","1,6545","1,6374","-1,05%"
"01.04.2013","1,6549","1,6571","1,6623","1,6543","-0,17%"
"29.03.2013","1,6577","1,6526","1,6577","1,6522","1,09%"
"28.03.2013","1,6398","1,6530","1,6597","1,6398","-1,10%"
"27.03.2013","1,6581","1,6581","1,6583","1,6458","0,00%"
"26.03.2013","1,6581","1,6586","1,6587","1,6577","0,01%"
"25.03.2013","1,6580","1,6580","1,6584","1,6574","0,00%"
"22.03.2013","1,6580","1,6584","1,6586","1,6576","0,00%"
"21.03.2013","1,6580","1,6580","1,6582","1,6572","-0,06%"
"20.03.2013","1,6590","1,6583","1,6591","1,6581","-0,01%"
"19.03.2013","1,6591","1,6601","1,6604","1,6584","0,01%"
"18.03.2013","1,6590","1,6590","1,6590","1,6590","0,00%"
"15.03.2013","1,6590","1,6649","1,6658","1,6588","-0,35%"
"14.03.2013","1,6648","1,6646","1,6649","1,6640","0,34%"
"13.03.2013","1,6591","1,6595","1,6599","1,6589","0,01%"
"12.03.2013","1,6589","1,6598","1,6598","1,6588","0,02%"
"11.03.2013","1,6585","1,6586","1,6594","1,6584","-0,02%"
"08.03.2013","1,6589","1,6589","1,6589","1,6589","-0,01%"
"07.03.2013","1,6591","1,6595","1,6608","1,6578","0,03%"
"06.03.2013","1,6586","1,6587","1,6605","1,6585","-0,01%"
"05.03.2013","1,6588","1,6593","1,6596","1,6586","-0,01%"
"04.03.2013","1,6589","1,6572","1,6598","1,6558","0,11%"
"01.03.2013","1,6570","1,6545","1,6580","1,6540","0,18%"
"28.02.2013","1,6541","1,6534","1,6572","1,6533","0,00%"
"27.02.2013","1,6541","1,6536","1,6546","1,6536","0,02%"
"26.02.2013","1,6538","1,6540","1,6544","1,6534","-0,03%"
"25.02.2013","1,6543","1,6531","1,6586","1,6526","0,09%"
"22.02.2013","1,6528","1,6504","1,6532","1,6502","0,10%"
"21.02.2013","1,6511","1,6536","1,6538","1,6509","-0,13%"
"20.02.2013","1,6533","1,6536","1,6557","1,6507","0,04%"
"19.02.2013","1,6527","1,6545","1,6552","1,6522","-0,13%"
"18.02.2013","1,6549","1,6553","1,6555","1,6545","-0,02%"
"15.02.2013","1,6553","1,6572","1,6575","1,6545","-0,10%"
"14.02.2013","1,6570","1,6576","1,6578","1,6568","0,01%"
"13.02.2013","1,6569","1,6598","1,6605","1,6565","-0,21%"
"12.02.2013","1,6604","1,6624","1,6625","1,6595","-0,10%"
"11.02.2013","1,6621","1,6547","1,6626","1,6546","0,45%"
"08.02.2013","1,6546","1,6553","1,6555","1,6545","-0,01%"
"07.02.2013","1,6547","1,6549","1,6557","1,6547","0,00%"
"06.02.2013","1,6547","1,6553","1,6556","1,6546","0,00%"
"05.02.2013","1,6547","1,6546","1,6553","1,6543","0,00%"
"04.02.2013","1,6547","1,6551","1,6576","1,6547","-0,02%"
"01.02.2013","1,6551","1,6551","1,6552","1,6542","-0,01%"
"31.01.2013","1,6552","1,6566","1,6568","1,6548","-0,03%"
"30.01.2013","1,6557","1,6572","1,6584","1,6554","-0,08%"
"29.01.2013","1,6570","1,6570","1,6574","1,6564","0,00%"
"28.01.2013","1,6570","1,6576","1,6580","1,6570","0,00%"
"25.01.2013","1,6570","1,6570","1,6574","1,6564","0,00%"
"24.01.2013","1,6570","1,6585","1,6593","1,6564","-0,11%"
"23.01.2013","1,6589","1,6558","1,6594","1,6554","0,18%"
"22.01.2013","1,6559","1,6627","1,6636","1,6556","-0,03%"
"21.01.2013","1,6564","1,6564","1,6564","1,6564","0,00%"
"18.01.2013","1,6564","1,6583","1,6585","1,6555","-0,08%"
"17.01.2013","1,6578","1,6564","1,6589","1,6559","0,13%"
"16.01.2013","1,6557","1,6572","1,6576","1,6557","-0,07%"
"15.01.2013","1,6569","1,6550","1,6572","1,6542","0,12%"
"14.01.2013","1,6549","1,6562","1,6566","1,6547","-0,04%"
"11.01.2013","1,6556","1,6572","1,6575","1,6555","-0,07%"
"10.01.2013","1,6568","1,6569","1,6577","1,6567","-0,02%"
"09.01.2013","1,6572","1,6585","1,6593","1,6562","-0,10%"
"08.01.2013","1,6588","1,6581","1,6598","1,6578","0,05%"
"07.01.2013","1,6579","1,6579","1,6579","1,6579","0,00%"
"04.01.2013","1,6579","1,6573","1,6582","1,6572","0,02%"
"03.01.2013","1,6576","1,6576","1,6584","1,6574","-0,02%"
"02.01.2013","1,6580","1,6580","1,6580","1,6580","0,00%"
"01.01.2013","1,6580","1,6580","1,6580","1,6580","0,00%"